seed,pass,contract,trump,pred_ev,actual_gp,p
100000,1,,,0.0000,0.0000,0.0000
100004,0,ulti,bells,3.1780,-8.0000,0.9315
100007,0,ulti,hearts,4.4457,8.0000,0.8519
100001,0,betli,,2.4627,-5.0000,0.7463
100006,0,ulti,hearts,7.0138,8.0000,0.9589
100005,0,parti,leaves,0.3549,-1.0000,0.6774
100002,0,parti,leaves,0.9986,1.0000,0.9993
100008,0,ulti,bells,1.0858,4.0000,0.7571
100013,1,,,0.0000,0.0000,0.0000
100010,0,parti,bells,0.0653,-1.0000,0.5326
100015,1,,,0.0000,0.0000,0.0000
100014,0,ulti,leaves,3.8553,4.0000,0.9879
100012,0,ulti,hearts,4.6161,-16.0000,0.8590
100011,0,ulti,bells,3.9998,4.0000,1.0000
100018,1,,,0.0000,0.0000,0.0000
100020,1,,,0.0000,0.0000,0.0000
100017,0,parti,hearts,1.2251,-2.0000,0.8063
100016,0,parti,hearts,1.9916,2.0000,0.9979
100019,0,parti,bells,0.1247,-1.0000,0.5624
100022,1,,,0.0000,0.0000,0.0000
100024,0,ulti,leaves,3.7087,-8.0000,0.9757
100027,1,,,0.0000,0.0000,0.0000
100009,0,parti,bells,0.6978,-1.0000,0.8489
100026,0,parti,hearts,1.9999,2.0000,1.0000
100023,0,ulti,bells,3.1880,-8.0000,0.9323
100003,0,ulti,leaves,3.9767,4.0000,0.9981
100025,0,ulti,bells,3.8840,4.0000,0.9903
100029,0,betli,,1.3958,-5.0000,0.6396
100031,0,ulti,hearts,7.8840,8.0000,0.9952
100032,0,ulti,hearts,5.2290,-16.0000,0.8845
100030,0,parti,leaves,0.9991,1.0000,0.9995
100033,0,parti,leaves,0.9999,1.0000,0.9999
100021,0,ulti,hearts,7.9930,8.0000,0.9997
100035,0,ulti,leaves,2.6242,-8.0000,0.8854
100034,0,ulti,hearts,7.9476,8.0000,0.9978
100038,1,,,0.0000,0.0000,0.0000
100036,0,parti,leaves,0.9966,1.0000,0.9983
100037,0,ulti,hearts,7.7345,8.0000,0.9889
100040,1,,,0.0000,0.0000,0.0000
100028,0,parti,acorns,0.1184,-1.0000,0.5592
100039,0,ulti,acorns,2.9166,-8.0000,0.9097
100041,0,ulti,bells,2.5246,-8.0000,0.8770
100045,1,,,0.0000,0.0000,0.0000
100044,0,ulti,hearts,4.1914,8.0000,0.8413
100046,1,,,0.0000,0.0000,0.0000
100042,0,parti,leaves,0.6820,1.0000,0.8410
100043,0,parti,acorns,0.9885,1.0000,0.9942
100047,0,parti,acorns,0.2140,-1.0000,0.6070
100049,0,ulti,leaves,3.3590,4.0000,0.9466
100050,0,ulti,acorns,1.6778,-8.0000,0.8065
100051,0,ulti,leaves,2.8232,4.0000,0.9019
100054,1,,,0.0000,0.0000,0.0000
100048,0,parti,acorns,0.9974,1.0000,0.9987
100053,0,ulti,bells,3.8732,4.0000,0.9894
100058,0,parti,hearts,1.9526,2.0000,0.9881
100060,0,ulti,hearts,7.2845,8.0000,0.9702
100055,0,ulti,bells,3.9087,4.0000,0.9924
100057,0,ulti,hearts,5.6752,8.0000,0.9031
100062,1,,,0.0000,0.0000,0.0000
100052,0,ulti,leaves,3.7720,4.0000,0.9810
100061,0,ulti,acorns,3.1037,4.0000,0.9253
100063,1,,,0.0000,0.0000,0.0000
100059,0,ulti,bells,3.5356,4.0000,0.9613
100065,1,,,0.0000,0.0000,0.0000
100068,1,,,0.0000,0.0000,0.0000
100066,0,betli,,1.7915,-5.0000,0.6792
100056,0,ulti,bells,3.9972,4.0000,0.9998
100070,0,ulti,bells,3.6570,-8.0000,0.9714
100069,0,parti,leaves,0.4748,-1.0000,0.7374
100073,1,,,0.0000,0.0000,0.0000
100074,1,,,0.0000,0.0000,0.0000
100071,0,ulti,hearts,7.8095,8.0000,0.9921
100067,0,ulti,bells,3.9745,4.0000,0.9979
100072,0,ulti,bells,3.9192,-8.0000,0.9933
100064,0,parti,hearts,1.4197,-2.0000,0.8549
100076,0,betli,,0.4917,-5.0000,0.5492
100075,0,ulti,bells,3.9688,4.0000,0.9974
100078,0,ulti,leaves,3.7114,4.0000,0.9759
100077,0,ulti,bells,3.6336,4.0000,0.9695
100082,1,,,0.0000,0.0000,0.0000
100079,0,ulti,hearts,5.8881,8.0000,0.9120
100080,0,parti,bells,0.2400,1.0000,0.6200
100081,0,ulti,bells,2.0968,4.0000,0.8414
100084,0,betli,,2.7405,5.0000,0.7741
100086,0,ulti,hearts,1.8245,8.0000,0.7427
100088,1,,,0.0000,0.0000,0.0000
100083,0,parti,hearts,1.9315,-2.0000,0.9829
100085,0,ulti,bells,3.8141,4.0000,0.9845
100087,0,ulti,leaves,3.5371,4.0000,0.9614
100089,0,ulti,bells,2.2490,4.0000,0.8541
100092,1,,,0.0000,0.0000,0.0000
100090,0,parti,hearts,1.8893,2.0000,0.9723
100091,0,ulti,bells,3.8618,4.0000,0.9885
100094,0,parti,hearts,0.2960,-2.0000,0.5740
100095,0,ulti,acorns,3.2563,-8.0000,0.9380
100097,1,,,0.0000,0.0000,0.0000
100099,0,ulti,hearts,6.1375,-16.0000,0.9224
100102,0,ulti,acorns,3.3635,4.0000,0.9470
100098,0,parti,acorns,0.1421,-1.0000,0.5711
100096,0,parti,acorns,0.9208,1.0000,0.9604
100101,0,ulti,bells,3.9979,4.0000,0.9998
100103,0,ulti,leaves,0.3239,4.0000,0.6937
100105,1,,,0.0000,0.0000,0.0000
100107,1,,,0.0000,0.0000,0.0000
100104,0,ulti,bells,3.0940,4.0000,0.9245
100109,0,ulti,leaves,0.0571,-8.0000,0.6714
100108,0,betli,,4.8799,-5.0000,0.9880
100106,0,parti,acorns,0.9965,1.0000,0.9982
100110,0,ulti,leaves,3.0502,-8.0000,0.9209
100111,0,ulti,leaves,3.9681,4.0000,0.9973
100115,0,parti,hearts,1.9999,2.0000,1.0000
100116,0,ulti,acorns,3.9355,4.0000,0.9946
100112,0,parti,acorns,0.9420,1.0000,0.9710
100114,0,ulti,hearts,7.0005,8.0000,0.9584
100119,0,parti,hearts,1.9996,2.0000,0.9999
100113,0,parti,acorns,0.9582,-1.0000,0.9791
100117,0,ulti,bells,3.9758,4.0000,0.9980
100093,0,ulti,leaves,3.9969,4.0000,0.9997
100120,0,ulti,acorns,2.3700,4.0000,0.8642
100118,0,ulti,hearts,6.5622,8.0000,0.9401
100125,1,,,0.0000,0.0000,0.0000
100121,0,parti,bells,0.3528,-1.0000,0.6764
100124,0,parti,acorns,0.9937,1.0000,0.9969
100129,1,,,0.0000,0.0000,0.0000
100123,0,ulti,hearts,7.9581,8.0000,0.9983
100100,0,parti,acorns,0.9468,1.0000,0.9734
100128,0,ulti,hearts,7.3236,8.0000,0.9718
100127,0,ulti,acorns,3.5126,-8.0000,0.9594
100130,0,ulti,acorns,1.0895,-8.0000,0.7575
100122,0,ulti,bells,3.8487,4.0000,0.9874
100131,0,betli,,4.2668,-5.0000,0.9267
100126,0,parti,bells,0.9542,1.0000,0.9771
100134,1,,,0.0000,0.0000,0.0000
100133,0,parti,acorns,0.9974,1.0000,0.9987
100132,0,ulti,hearts,7.8808,8.0000,0.9950
100136,0,ulti,bells,1.9352,4.0000,0.8279
100140,1,,,0.0000,0.0000,0.0000
100138,1,,,0.0000,0.0000,0.0000
100137,0,parti,hearts,1.5119,-2.0000,0.8780
100135,0,ulti,leaves,3.8369,4.0000,0.9864
100139,0,parti,hearts,1.2805,2.0000,0.8201
100142,1,,,0.0000,0.0000,0.0000
100145,1,,,0.0000,0.0000,0.0000
100141,0,ulti,acorns,3.9943,4.0000,0.9995
100143,0,parti,hearts,1.6612,2.0000,0.9153
100148,0,ulti,bells,2.8795,-8.0000,0.9066
100146,0,parti,bells,0.1053,-1.0000,0.5527
100144,0,parti,hearts,0.7847,-2.0000,0.6962
100147,0,ulti,acorns,2.1663,-8.0000,0.8472
100152,1,,,0.0000,0.0000,0.0000
100154,1,,,0.0000,0.0000,0.0000
100151,0,ulti,bells,3.7987,-8.0000,0.9832
100153,0,ulti,bells,3.5309,4.0000,0.9609
100155,0,ulti,leaves,3.6297,4.0000,0.9691
100159,1,,,0.0000,0.0000,0.0000
100156,0,ulti,bells,3.9998,4.0000,1.0000
100158,0,ulti,leaves,3.8472,4.0000,0.9873
100150,0,parti,acorns,0.8747,1.0000,0.9374
100157,0,parti,hearts,0.7536,-2.0000,0.6884
100160,0,parti,acorns,0.2942,-1.0000,0.6471
100162,1,,,0.0000,0.0000,0.0000
100149,0,parti,hearts,1.2654,-2.0000,0.8164
100161,0,parti,hearts,1.8022,-2.0000,0.9506
100166,0,ulti,hearts,3.5157,-16.0000,0.8132
100169,1,,,0.0000,0.0000,0.0000
100167,0,ulti,hearts,4.1900,8.0000,0.8413
100165,0,parti,bells,0.7815,-1.0000,0.8907
100164,0,ulti,hearts,7.7610,8.0000,0.9900
100171,0,ulti,hearts,1.4819,8.0000,0.7284
100168,0,ulti,bells,3.9858,-8.0000,0.9988
100170,0,ulti,acorns,0.7554,-8.0000,0.7296
100175,1,,,0.0000,0.0000,0.0000
100172,0,parti,bells,0.6147,-1.0000,0.8073
100173,0,ulti,bells,3.9646,4.0000,0.9970
100174,0,ulti,hearts,7.8706,8.0000,0.9946
100177,0,ulti,hearts,7.5827,8.0000,0.9826
100180,0,parti,hearts,1.8274,-2.0000,0.9569
100176,0,parti,hearts,1.9718,2.0000,0.9930
100178,0,parti,acorns,0.8320,1.0000,0.9160
100184,1,,,0.0000,0.0000,0.0000
100183,0,ulti,bells,1.9521,4.0000,0.8293
100185,0,ulti,acorns,0.5152,-8.0000,0.7096
100187,1,,,0.0000,0.0000,0.0000
100179,0,parti,hearts,1.8070,-2.0000,0.9518
100163,0,ulti,leaves,3.9008,4.0000,0.9917
100182,0,ulti,acorns,3.9965,4.0000,0.9997
100186,0,parti,hearts,1.9962,2.0000,0.9991
100189,0,ulti,bells,3.5099,4.0000,0.9592
100190,0,parti,leaves,0.5894,1.0000,0.7947
100188,0,ulti,bells,2.5658,4.0000,0.8805
100191,0,parti,hearts,1.9697,2.0000,0.9924
100194,1,,,0.0000,0.0000,0.0000
100193,0,betli,,2.3026,-5.0000,0.7303
100192,0,parti,hearts,1.9933,2.0000,0.9983
100199,1,,,0.0000,0.0000,0.0000
100198,0,ulti,acorns,1.8275,4.0000,0.8190
100196,0,parti,leaves,0.0035,1.0000,0.5018
100202,0,ulti,leaves,2.0011,4.0000,0.8334
100203,1,,,0.0000,0.0000,0.0000
100204,1,,,0.0000,0.0000,0.0000
100195,0,ulti,bells,3.8950,4.0000,0.9912
100200,0,ulti,leaves,3.6343,4.0000,0.9695
100207,1,,,0.0000,0.0000,0.0000
100205,0,parti,hearts,1.4250,-2.0000,0.8562
100206,0,ulti,hearts,6.7370,8.0000,0.9474
100208,0,ulti,leaves,1.8990,-8.0000,0.8249
100209,0,ulti,hearts,4.0724,-16.0000,0.8363
100201,0,ulti,bells,3.9970,4.0000,0.9998
100210,0,betli,,0.8322,5.0000,0.5832
100181,0,parti,bells,0.9690,1.0000,0.9845
100213,0,ulti,acorns,0.6988,-8.0000,0.7249
100212,0,parti,hearts,1.2802,2.0000,0.8201
100216,0,ulti,leaves,2.9164,-8.0000,0.9097
100217,0,ulti,bells,1.6003,-8.0000,0.8000
100214,0,ulti,leaves,2.9660,-8.0000,0.9138
100211,0,parti,leaves,0.4343,1.0000,0.7171
100215,0,parti,hearts,0.9681,2.0000,0.7420
100218,1,,,0.0000,0.0000,0.0000
100219,0,ulti,leaves,3.5808,4.0000,0.9651
100223,1,,,0.0000,0.0000,0.0000
100221,0,ulti,leaves,1.5938,4.0000,0.7995
100224,1,,,0.0000,0.0000,0.0000
100220,0,ulti,bells,0.4632,4.0000,0.7053
100225,1,,,0.0000,0.0000,0.0000
100222,0,ulti,leaves,2.2583,-8.0000,0.8549
100197,0,ulti,leaves,3.9804,4.0000,0.9984
100226,1,,,0.0000,0.0000,0.0000
100231,0,ulti,hearts,5.9895,8.0000,0.9162
100233,0,parti,acorns,0.6440,1.0000,0.8220
100228,0,ulti,bells,2.1794,4.0000,0.8483
100230,0,parti,hearts,1.9825,2.0000,0.9956
100234,0,ulti,hearts,5.6725,8.0000,0.9030
100232,0,ulti,hearts,6.9930,8.0000,0.9580
100227,0,parti,acorns,0.1094,-1.0000,0.5547
100235,0,ulti,bells,3.5602,-8.0000,0.9634
100237,0,ulti,leaves,1.8143,-8.0000,0.8179
100229,0,ulti,acorns,3.8786,4.0000,0.9899
100239,0,ulti,hearts,5.3053,8.0000,0.8877
100240,0,ulti,hearts,5.3976,-16.0000,0.8916
100241,0,ulti,bells,3.9570,4.0000,0.9964
100242,0,ulti,bells,3.6289,4.0000,0.9691
100238,0,parti,hearts,1.2691,2.0000,0.8173
100236,0,parti,leaves,0.9761,1.0000,0.9881
100243,1,,,0.0000,0.0000,0.0000
100247,1,,,0.0000,0.0000,0.0000
100244,0,parti,hearts,1.4961,2.0000,0.8740
100248,1,,,0.0000,0.0000,0.0000
100246,0,ulti,acorns,3.5794,4.0000,0.9649
100250,0,parti,hearts,1.4099,-2.0000,0.8525
100249,0,ulti,hearts,7.0077,8.0000,0.9587
100245,0,parti,acorns,0.9814,1.0000,0.9907
100254,1,,,0.0000,0.0000,0.0000
100252,0,ulti,leaves,3.0194,4.0000,0.9183
100253,0,ulti,bells,2.6620,-8.0000,0.8885
100256,1,,,0.0000,0.0000,0.0000
100257,1,,,0.0000,0.0000,0.0000
100251,0,ulti,acorns,3.9869,4.0000,0.9989
100255,0,ulti,hearts,5.5328,8.0000,0.8972
100264,1,,,0.0000,0.0000,0.0000
100259,0,ulti,leaves,2.0019,-8.0000,0.8335
100265,0,parti,hearts,1.4050,-2.0000,0.8512
100263,0,parti,hearts,1.8274,2.0000,0.9569
100258,0,ulti,bells,3.8877,4.0000,0.9906
100266,0,parti,hearts,0.7815,-2.0000,0.6954
100271,1,,,0.0000,0.0000,0.0000
100272,0,betli,,2.7669,5.0000,0.7767
100269,0,ulti,bells,3.7351,4.0000,0.9779
100260,0,parti,hearts,1.9611,2.0000,0.9903
100270,0,ulti,leaves,3.6061,4.0000,0.9672
100267,0,parti,hearts,1.5002,-2.0000,0.8751
100277,1,,,0.0000,0.0000,0.0000
100276,0,ulti,bells,2.8989,-8.0000,0.9082
100268,0,parti,leaves,0.5228,1.0000,0.7614
100273,0,parti,acorns,0.9132,1.0000,0.9566
100274,0,parti,acorns,0.6958,1.0000,0.8479
100261,0,ulti,bells,3.9974,4.0000,0.9998
100278,0,parti,hearts,1.4317,2.0000,0.8579
100280,1,,,0.0000,0.0000,0.0000
100279,0,ulti,leaves,3.9711,4.0000,0.9976
100275,0,ulti,hearts,7.5395,8.0000,0.9808
100283,1,,,0.0000,0.0000,0.0000
100282,1,,,0.0000,0.0000,0.0000
100284,1,,,0.0000,0.0000,0.0000
100281,0,ulti,hearts,4.4758,-16.0000,0.8532
100262,0,ulti,bells,3.9968,4.0000,0.9997
100285,0,betli,,2.3789,-5.0000,0.7379
100286,0,ulti,leaves,3.3438,4.0000,0.9453
100289,0,ulti,leaves,3.0411,4.0000,0.9201
100288,0,betli,,0.3417,-5.0000,0.5342
100291,0,betli,,1.9620,-5.0000,0.6962
100292,0,ulti,leaves,3.9896,4.0000,0.9991
100298,1,,,0.0000,0.0000,0.0000
100296,0,betli,,1.9820,-5.0000,0.6982
100290,0,parti,leaves,0.9085,1.0000,0.9543
100287,0,ulti,acorns,3.8066,4.0000,0.9839
100295,0,parti,hearts,1.9818,2.0000,0.9954
100299,1,,,0.0000,0.0000,0.0000
100294,0,ulti,leaves,3.7714,4.0000,0.9809
100300,0,ulti,hearts,1.1013,8.0000,0.7126
100293,0,ulti,bells,3.9975,4.0000,0.9998
100297,0,ulti,bells,3.8287,-8.0000,0.9857
100303,0,ulti,leaves,3.4473,4.0000,0.9539
100302,0,ulti,hearts,3.7172,-16.0000,0.8216
100301,0,parti,hearts,0.7136,-2.0000,0.6784
100304,0,parti,leaves,0.4617,-1.0000,0.7308
100305,0,ulti,acorns,3.9858,4.0000,0.9988
100307,0,ulti,bells,3.2093,-8.0000,0.9341
100308,0,ulti,leaves,3.6169,4.0000,0.9681
100309,0,ulti,hearts,4.0286,8.0000,0.8345
100306,0,parti,leaves,0.1898,-1.0000,0.5949
100312,0,ulti,acorns,2.0788,-8.0000,0.8399
100311,0,ulti,leaves,3.4467,4.0000,0.9539
100310,0,ulti,hearts,7.6108,8.0000,0.9838
100313,0,ulti,hearts,1.9964,-16.0000,0.7499
100314,0,ulti,leaves,3.3669,4.0000,0.9472
100319,1,,,0.0000,0.0000,0.0000
100318,0,ulti,hearts,6.1241,8.0000,0.9218
100320,0,ulti,leaves,3.6749,4.0000,0.9729
100317,0,ulti,bells,2.8585,-8.0000,0.9049
100323,1,,,0.0000,0.0000,0.0000
100322,0,parti,acorns,0.8975,-1.0000,0.9487
100316,0,ulti,acorns,3.8988,4.0000,0.9916
100324,1,,,0.0000,0.0000,0.0000
100315,0,ulti,leaves,3.9663,4.0000,0.9972
100321,0,ulti,leaves,3.8890,4.0000,0.9907
100325,1,,,0.0000,0.0000,0.0000
100326,0,ulti,bells,2.7128,4.0000,0.8927
100330,1,,,0.0000,0.0000,0.0000
100333,1,,,0.0000,0.0000,0.0000
100331,0,parti,hearts,1.9999,2.0000,1.0000
100327,0,ulti,acorns,3.9406,4.0000,0.9950
100332,0,ulti,bells,0.3686,4.0000,0.6974
100334,0,ulti,hearts,5.6140,-16.0000,0.9006
100329,0,ulti,bells,3.8248,4.0000,0.9854
100335,0,ulti,acorns,3.3235,4.0000,0.9436
100337,0,ulti,hearts,4.7060,-16.0000,0.8628
100338,1,,,0.0000,0.0000,0.0000
100328,0,ulti,bells,3.9986,4.0000,0.9999
100336,0,ulti,hearts,6.2189,8.0000,0.9258
100340,0,betli,,0.2833,-5.0000,0.5283
100344,1,,,0.0000,0.0000,0.0000
100341,0,ulti,hearts,5.2896,8.0000,0.8871
100342,0,parti,hearts,1.9935,2.0000,0.9984
100343,0,ulti,acorns,3.1480,-8.0000,0.9290
100345,0,ulti,bells,3.7304,4.0000,0.9775
100348,1,,,0.0000,0.0000,0.0000
100347,0,ulti,hearts,2.9589,-16.0000,0.7900
100354,1,,,0.0000,0.0000,0.0000
100353,0,ulti,bells,1.3042,-8.0000,0.7754
100351,0,ulti,leaves,0.8394,-8.0000,0.7366
100350,0,parti,leaves,0.0298,-1.0000,0.5149
100349,0,ulti,hearts,7.8004,8.0000,0.9917
100352,0,ulti,leaves,3.4048,4.0000,0.9504
100356,1,,,0.0000,0.0000,0.0000
100346,0,parti,leaves,0.8107,1.0000,0.9053
100358,0,ulti,hearts,5.1840,-16.0000,0.8827
100359,0,ulti,hearts,1.9908,8.0000,0.7496
100357,0,betli,,2.2989,-5.0000,0.7299
100355,0,ulti,hearts,7.7173,8.0000,0.9882
100360,0,ulti,bells,3.8831,4.0000,0.9903
100362,0,ulti,acorns,3.5038,4.0000,0.9586
100361,0,parti,hearts,0.6374,-2.0000,0.6593
100363,0,ulti,hearts,2.5466,8.0000,0.7728
100366,0,parti,hearts,1.5330,-2.0000,0.8833
100370,1,,,0.0000,0.0000,0.0000
100367,0,parti,hearts,0.7530,-2.0000,0.6882
100365,0,ulti,acorns,3.8265,4.0000,0.9855
100368,0,ulti,leaves,2.5368,-8.0000,0.8781
100339,0,ulti,hearts,7.9944,8.0000,0.9998
100369,0,ulti,hearts,3.4045,-16.0000,0.8085
100364,0,ulti,hearts,7.1370,8.0000,0.9640
100371,0,ulti,leaves,3.7362,4.0000,0.9780
100372,0,ulti,hearts,2.5836,-16.0000,0.7743
100375,1,,,0.0000,0.0000,0.0000
100373,0,ulti,hearts,4.7296,8.0000,0.8637
100378,1,,,0.0000,0.0000,0.0000
100376,0,ulti,leaves,0.6019,-8.0000,0.7168
100377,0,ulti,bells,3.7278,-8.0000,0.9773
100380,1,,,0.0000,0.0000,0.0000
100379,0,ulti,leaves,3.8734,4.0000,0.9894
100381,0,ulti,acorns,2.5955,-8.0000,0.8830
100374,0,parti,bells,0.8728,-1.0000,0.9364
100384,0,ulti,hearts,1.3610,8.0000,0.7234
100387,1,,,0.0000,0.0000,0.0000
100385,0,ulti,hearts,2.9148,8.0000,0.7881
100386,0,parti,hearts,1.8666,2.0000,0.9667
100383,0,parti,acorns,0.9043,1.0000,0.9521
100390,1,,,0.0000,0.0000,0.0000
100392,0,ulti,hearts,3.3341,-16.0000,0.8056
100388,0,ulti,hearts,7.6632,8.0000,0.9860
100389,0,parti,leaves,0.8598,1.0000,0.9299
100394,1,,,0.0000,0.0000,0.0000
100391,0,ulti,leaves,3.0779,4.0000,0.9232
100396,1,,,0.0000,0.0000,0.0000
100393,0,parti,leaves,0.6900,1.0000,0.8450
100399,1,,,0.0000,0.0000,0.0000
100398,0,parti,hearts,1.1201,2.0000,0.7800
100395,0,ulti,hearts,7.9226,8.0000,0.9968
100397,0,ulti,acorns,2.0310,-8.0000,0.8359
100382,0,ulti,hearts,7.9926,8.0000,0.9997
100403,1,,,0.0000,0.0000,0.0000
100402,0,ulti,leaves,3.3210,-8.0000,0.9434
100405,1,,,0.0000,0.0000,0.0000
100401,0,ulti,hearts,3.8771,-16.0000,0.8282
100406,0,ulti,bells,2.3863,-8.0000,0.8655
100407,0,ulti,hearts,3.8391,-16.0000,0.8266
100411,1,,,0.0000,0.0000,0.0000
100410,0,ulti,leaves,0.9166,-8.0000,0.7431
100413,1,,,0.0000,0.0000,0.0000
100404,0,ulti,bells,3.9252,4.0000,0.9938
100412,0,ulti,acorns,2.1659,-8.0000,0.8472
100409,0,parti,bells,0.9740,-1.0000,0.9870
100414,0,ulti,hearts,7.9110,8.0000,0.9963
100400,0,ulti,acorns,3.9699,4.0000,0.9975
100408,0,parti,hearts,1.9782,-2.0000,0.9945
100416,0,ulti,hearts,5.7108,-16.0000,0.9046
100417,0,ulti,bells,3.9553,4.0000,0.9963
100418,0,parti,leaves,0.9985,1.0000,0.9992
100424,1,,,0.0000,0.0000,0.0000
100423,0,ulti,acorns,3.0625,-8.0000,0.9219
100425,0,ulti,leaves,3.4659,4.0000,0.9555
100427,1,,,0.0000,0.0000,0.0000
100422,0,parti,leaves,0.5094,-1.0000,0.7547
100428,1,,,0.0000,0.0000,0.0000
100426,0,parti,hearts,1.8628,2.0000,0.9657
100430,1,,,0.0000,0.0000,0.0000
100420,0,ulti,bells,3.7865,4.0000,0.9822
100431,0,ulti,bells,3.7647,4.0000,0.9804
100429,0,parti,bells,0.9926,1.0000,0.9963
100433,0,ulti,acorns,3.5239,4.0000,0.9603
100436,1,,,0.0000,0.0000,0.0000
100432,0,ulti,acorns,3.7491,4.0000,0.9791
100435,0,parti,hearts,1.8136,2.0000,0.9534
100419,0,ulti,bells,3.9812,4.0000,0.9984
100415,0,parti,bells,0.9589,1.0000,0.9794
100421,0,ulti,acorns,3.9980,4.0000,0.9998
100438,0,ulti,hearts,7.0081,8.0000,0.9587
100437,0,ulti,hearts,6.3451,8.0000,0.9310
100439,0,parti,acorns,0.1673,-1.0000,0.5836
100441,0,ulti,acorns,2.9433,4.0000,0.9119
100445,1,,,0.0000,0.0000,0.0000
100442,0,parti,hearts,1.6936,-2.0000,0.9234
100444,0,ulti,acorns,1.9889,-8.0000,0.8324
100443,0,parti,hearts,1.9701,2.0000,0.9925
100434,0,parti,acorns,0.6196,1.0000,0.8098
100440,0,parti,bells,0.7613,1.0000,0.8807
100447,0,ulti,hearts,4.3833,8.0000,0.8493
100446,0,parti,hearts,0.6786,-2.0000,0.6696
100450,1,,,0.0000,0.0000,0.0000
100452,1,,,0.0000,0.0000,0.0000
100453,1,,,0.0000,0.0000,0.0000
100456,1,,,0.0000,0.0000,0.0000
100449,0,parti,bells,0.9785,1.0000,0.9892
100459,1,,,0.0000,0.0000,0.0000
100454,0,parti,hearts,1.8367,2.0000,0.9592
100457,0,ulti,bells,3.9735,4.0000,0.9978
100455,0,ulti,bells,3.9106,4.0000,0.9925
100463,1,,,0.0000,0.0000,0.0000
100462,1,,,0.0000,0.0000,0.0000
100460,0,parti,leaves,0.9186,1.0000,0.9593
100464,0,parti,hearts,1.2632,-2.0000,0.8158
100467,1,,,0.0000,0.0000,0.0000
100469,1,,,0.0000,0.0000,0.0000
100468,0,ulti,hearts,2.6908,-16.0000,0.7788
100461,0,ulti,bells,3.9986,4.0000,0.9999
100466,0,ulti,acorns,3.6509,4.0000,0.9709
100451,0,ulti,bells,3.9949,4.0000,0.9996
100458,0,ulti,hearts,7.9933,8.0000,0.9997
100470,0,ulti,bells,2.6658,4.0000,0.8888
100471,1,,,0.0000,0.0000,0.0000
100465,0,parti,hearts,1.4209,-2.0000,0.8552
100472,0,ulti,leaves,1.4647,-8.0000,0.7887
100473,1,,,0.0000,0.0000,0.0000
100474,1,,,0.0000,0.0000,0.0000
100475,1,,,0.0000,0.0000,0.0000
100448,0,ulti,bells,3.9744,4.0000,0.9979
100476,0,ulti,hearts,3.3683,8.0000,0.8070
100482,1,,,0.0000,0.0000,0.0000
100483,1,,,0.0000,0.0000,0.0000
100478,0,ulti,bells,1.3352,4.0000,0.7779
100479,0,ulti,hearts,3.8078,8.0000,0.8253
100477,0,ulti,acorns,3.8228,4.0000,0.9852
100480,0,ulti,acorns,3.8222,4.0000,0.9852
100481,0,ulti,acorns,3.8951,4.0000,0.9913
100484,0,ulti,leaves,3.8301,4.0000,0.9858
100486,0,ulti,hearts,6.0333,8.0000,0.9181
100487,0,ulti,bells,2.1484,4.0000,0.8457
100489,0,parti,hearts,1.9330,-2.0000,0.9833
100491,1,,,0.0000,0.0000,0.0000
100492,1,,,0.0000,0.0000,0.0000
100495,1,,,0.0000,0.0000,0.0000
100493,0,ulti,bells,2.2485,-8.0000,0.8540
100494,0,ulti,acorns,3.9438,4.0000,0.9953
100485,0,ulti,acorns,3.9983,4.0000,0.9999
100488,0,parti,hearts,0.2211,2.0000,0.5553
100490,0,parti,acorns,0.9421,1.0000,0.9710
100499,0,parti,hearts,1.1888,-2.0000,0.7972
100501,0,ulti,hearts,5.8806,8.0000,0.9117
100498,0,parti,hearts,1.3735,-2.0000,0.8434
100497,0,parti,acorns,0.1304,-1.0000,0.5652
100500,0,parti,hearts,1.2365,-2.0000,0.8091
100502,0,ulti,acorns,3.6100,-8.0000,0.9675
100503,1,,,0.0000,0.0000,0.0000
100505,0,ulti,bells,3.4285,-8.0000,0.9524
100504,0,parti,hearts,1.9759,2.0000,0.9940
100508,0,parti,hearts,1.9999,2.0000,1.0000
100511,1,,,0.0000,0.0000,0.0000
100506,0,ulti,leaves,3.3027,4.0000,0.9419
100496,0,parti,hearts,1.6040,2.0000,0.9010
100509,0,parti,hearts,0.7625,-2.0000,0.6906
100514,1,,,0.0000,0.0000,0.0000
100513,0,betli,,4.9987,5.0000,0.9999
100510,0,ulti,acorns,3.6045,4.0000,0.9670
100512,0,parti,hearts,0.5403,-2.0000,0.6351
100507,0,parti,bells,0.4481,1.0000,0.7241
100517,1,,,0.0000,0.0000,0.0000
100519,1,,,0.0000,0.0000,0.0000
100522,1,,,0.0000,0.0000,0.0000
100520,0,parti,leaves,0.9872,-1.0000,0.9936
100521,0,ulti,leaves,3.4584,4.0000,0.9549
100518,0,ulti,leaves,2.6040,4.0000,0.8837
100516,0,parti,acorns,0.3902,1.0000,0.6951
100515,0,parti,bells,0.6285,1.0000,0.8142
100526,0,ulti,hearts,0.7364,-16.0000,0.6974
100528,0,ulti,acorns,2.4031,4.0000,0.8669
100525,0,ulti,leaves,3.2044,4.0000,0.9337
100531,1,,,0.0000,0.0000,0.0000
100530,0,ulti,bells,3.8130,4.0000,0.9844
100527,0,parti,hearts,0.9624,-2.0000,0.7406
100529,0,parti,acorns,0.9838,1.0000,0.9919
100533,1,,,0.0000,0.0000,0.0000
100532,0,parti,acorns,0.4024,-1.0000,0.7012
100535,1,,,0.0000,0.0000,0.0000
100524,0,parti,hearts,1.7754,2.0000,0.9438
100536,1,,,0.0000,0.0000,0.0000
100534,0,parti,leaves,0.8059,1.0000,0.9030
100539,1,,,0.0000,0.0000,0.0000
100540,1,,,0.0000,0.0000,0.0000
100523,0,parti,hearts,1.9591,2.0000,0.9898
100537,0,ulti,acorns,3.6137,-8.0000,0.9678
100542,0,ulti,hearts,6.2938,8.0000,0.9289
100538,0,parti,hearts,1.8994,-2.0000,0.9748
100543,0,parti,hearts,1.6167,-2.0000,0.9042
100547,1,,,0.0000,0.0000,0.0000
100546,0,ulti,acorns,0.4897,-8.0000,0.7075
100545,0,ulti,leaves,3.3026,4.0000,0.9419
100549,1,,,0.0000,0.0000,0.0000
100541,0,ulti,leaves,3.9065,4.0000,0.9922
100550,0,ulti,leaves,0.9976,-8.0000,0.7498
100544,0,parti,acorns,0.9935,1.0000,0.9967
100548,0,parti,leaves,0.2751,1.0000,0.6375
100553,1,,,0.0000,0.0000,0.0000
100551,0,betli,,3.3803,5.0000,0.8380
100552,0,ulti,leaves,2.0079,-8.0000,0.8340
100555,0,parti,acorns,0.2849,-1.0000,0.6425
100558,1,,,0.0000,0.0000,0.0000
100556,0,ulti,leaves,1.6556,4.0000,0.8046
100559,0,ulti,leaves,3.5804,4.0000,0.9650
100557,0,ulti,bells,3.9935,4.0000,0.9995
100563,0,ulti,acorns,2.7545,-8.0000,0.8962
100565,0,ulti,hearts,5.7922,8.0000,0.9080
100560,0,parti,leaves,0.7179,1.0000,0.8589
100562,0,ulti,hearts,7.9429,8.0000,0.9976
100554,0,parti,acorns,0.8058,1.0000,0.9029
100568,1,,,0.0000,0.0000,0.0000
100569,1,,,0.0000,0.0000,0.0000
100564,0,parti,leaves,0.9164,1.0000,0.9582
100567,0,parti,hearts,1.9500,2.0000,0.9875
100566,0,parti,leaves,0.8847,1.0000,0.9423
100570,0,ulti,hearts,5.6762,8.0000,0.9032
100571,0,ulti,bells,0.3684,-8.0000,0.6974
100573,1,,,0.0000,0.0000,0.0000
100574,1,,,0.0000,0.0000,0.0000
100575,0,ulti,hearts,5.2923,8.0000,0.8872
100561,0,ulti,leaves,3.9735,4.0000,0.9978
100576,0,ulti,hearts,7.2307,8.0000,0.9679
100579,1,,,0.0000,0.0000,0.0000
100578,0,parti,hearts,1.8442,2.0000,0.9610
100577,0,parti,leaves,0.2836,1.0000,0.6418
100583,0,ulti,bells,2.1834,4.0000,0.8486
100584,1,,,0.0000,0.0000,0.0000
100582,0,ulti,bells,2.5122,4.0000,0.8760
100580,0,parti,bells,0.7468,1.0000,0.8734
100587,0,parti,acorns,0.0751,-1.0000,0.5376
100591,1,,,0.0000,0.0000,0.0000
100588,0,parti,hearts,1.9977,2.0000,0.9994
100585,0,ulti,leaves,3.9763,4.0000,0.9980
100589,0,ulti,bells,3.9641,4.0000,0.9970
100581,0,ulti,leaves,3.7138,4.0000,0.9761
100572,0,ulti,acorns,3.8901,4.0000,0.9908
100590,0,ulti,bells,3.9216,4.0000,0.9935
100592,0,ulti,hearts,6.8803,8.0000,0.9533
100594,0,parti,hearts,1.4249,-2.0000,0.8562
100593,0,ulti,acorns,3.2127,4.0000,0.9344
100586,0,ulti,hearts,7.9580,8.0000,0.9982
100595,0,ulti,bells,3.6843,4.0000,0.9737
100601,1,,,0.0000,0.0000,0.0000
100598,0,parti,acorns,0.9998,1.0000,0.9999
100596,0,ulti,acorns,3.8079,4.0000,0.9840
100597,0,ulti,acorns,3.6756,4.0000,0.9730
100605,1,,,0.0000,0.0000,0.0000
100603,0,parti,hearts,1.6867,-2.0000,0.9217
100607,0,parti,hearts,1.9248,2.0000,0.9812
100608,0,ulti,acorns,3.8708,4.0000,0.9892
100606,0,parti,acorns,0.2061,-1.0000,0.6030
100600,0,parti,acorns,0.9977,1.0000,0.9989
100604,0,parti,acorns,0.0924,1.0000,0.5462
100609,0,ulti,bells,2.5587,4.0000,0.8799
100610,0,ulti,bells,1.3070,-8.0000,0.7756
100611,0,parti,leaves,0.4151,-1.0000,0.7076
100616,1,,,0.0000,0.0000,0.0000
100612,0,ulti,acorns,3.9699,4.0000,0.9975
100614,0,parti,hearts,1.1362,-2.0000,0.7841
100617,0,ulti,acorns,2.9262,4.0000,0.9105
100615,0,ulti,bells,3.8804,-8.0000,0.9900
100619,1,,,0.0000,0.0000,0.0000
100618,0,ulti,leaves,1.8775,4.0000,0.8231
100602,0,ulti,acorns,3.9565,4.0000,0.9964
100621,0,ulti,bells,2.3309,4.0000,0.8609
100623,1,,,0.0000,0.0000,0.0000
100599,0,ulti,leaves,3.9088,4.0000,0.9924
100625,1,,,0.0000,0.0000,0.0000
100613,0,parti,leaves,0.3981,1.0000,0.6990
100622,0,parti,hearts,0.8164,2.0000,0.7041
100624,0,parti,hearts,0.0881,-2.0000,0.5220
100627,1,,,0.0000,0.0000,0.0000
100629,1,,,0.0000,0.0000,0.0000
100620,0,ulti,leaves,3.9988,4.0000,0.9999
100633,0,ulti,leaves,1.8905,-8.0000,0.8242
100635,1,,,0.0000,0.0000,0.0000
100634,0,ulti,leaves,3.8922,4.0000,0.9910
100630,0,ulti,hearts,7.7807,8.0000,0.9909
100632,0,ulti,acorns,3.9125,4.0000,0.9927
100636,1,,,0.0000,0.0000,0.0000
100637,1,,,0.0000,0.0000,0.0000
100631,0,parti,leaves,0.3757,-1.0000,0.6879
100626,0,parti,bells,0.8343,1.0000,0.9171
100638,0,ulti,leaves,3.4858,4.0000,0.9572
100628,0,parti,acorns,0.8803,1.0000,0.9401
100640,1,,,0.0000,0.0000,0.0000
100639,0,ulti,hearts,2.5117,8.0000,0.7713
100647,1,,,0.0000,0.0000,0.0000
100644,0,ulti,leaves,0.9763,-8.0000,0.7480
100643,0,ulti,acorns,3.8257,4.0000,0.9855
100648,0,ulti,leaves,2.2952,-8.0000,0.8579
100646,0,ulti,bells,0.6250,4.0000,0.7187
100641,0,ulti,acorns,3.5809,4.0000,0.9651
100645,0,ulti,bells,3.1009,-8.0000,0.9251
100642,0,parti,leaves,0.9918,1.0000,0.9959
100650,1,,,0.0000,0.0000,0.0000
100652,1,,,0.0000,0.0000,0.0000
100651,1,,,0.0000,0.0000,0.0000
100653,1,,,0.0000,0.0000,0.0000
100649,0,parti,hearts,1.9692,2.0000,0.9923
100654,0,ulti,acorns,3.5709,4.0000,0.9642
100656,0,ulti,leaves,1.7805,4.0000,0.8150
100655,0,parti,leaves,0.4731,1.0000,0.7365
100660,1,,,0.0000,0.0000,0.0000
100662,0,ulti,leaves,2.6245,4.0000,0.8854
100663,0,ulti,acorns,0.5500,-8.0000,0.7125
100659,0,ulti,acorns,2.9143,4.0000,0.9095
100658,0,parti,bells,0.8502,1.0000,0.9251
100657,0,parti,acorns,0.9204,1.0000,0.9602
100665,0,parti,bells,0.9732,1.0000,0.9866
100666,0,ulti,acorns,3.7086,4.0000,0.9757
100664,0,parti,hearts,1.4913,2.0000,0.8728
100668,0,betli,,4.6308,-5.0000,0.9631
100670,0,ulti,bells,3.7553,4.0000,0.9796
100669,0,ulti,acorns,2.5708,-8.0000,0.8809
100667,0,parti,hearts,1.4531,2.0000,0.8633
100672,1,,,0.0000,0.0000,0.0000
100671,0,ulti,bells,3.5076,-8.0000,0.9590
100675,1,,,0.0000,0.0000,0.0000
100676,1,,,0.0000,0.0000,0.0000
100661,0,ulti,bells,3.9939,4.0000,0.9995
100673,0,parti,hearts,1.6530,2.0000,0.9132
100677,1,,,0.0000,0.0000,0.0000
100674,0,ulti,hearts,7.9014,8.0000,0.9959
100678,0,ulti,hearts,2.1932,-16.0000,0.7581
100679,1,,,0.0000,0.0000,0.0000
100683,1,,,0.0000,0.0000,0.0000
100684,1,,,0.0000,0.0000,0.0000
100682,0,ulti,leaves,0.5329,-8.0000,0.7111
100687,1,,,0.0000,0.0000,0.0000
100686,0,ulti,leaves,3.8314,4.0000,0.9860
100680,0,ulti,bells,3.9696,4.0000,0.9975
100689,0,ulti,hearts,6.1005,8.0000,0.9209
100688,0,ulti,acorns,1.8941,-8.0000,0.8245
100681,0,ulti,bells,2.1527,4.0000,0.8461
100690,0,betli,,0.1491,-5.0000,0.5149
100685,0,ulti,hearts,7.9823,8.0000,0.9993
100691,0,ulti,acorns,2.4584,-8.0000,0.8715
100695,1,,,0.0000,0.0000,0.0000
100692,0,ulti,bells,3.9417,4.0000,0.9951
100698,1,,,0.0000,0.0000,0.0000
100697,0,ulti,acorns,3.9972,4.0000,0.9998
100696,0,parti,hearts,1.9997,2.0000,0.9999
100694,0,parti,acorns,0.8525,-1.0000,0.9262
100693,0,ulti,acorns,3.7268,4.0000,0.9772
100699,0,ulti,hearts,0.2834,-16.0000,0.6785
100700,1,,,0.0000,0.0000,0.0000
100701,1,,,0.0000,0.0000,0.0000
100702,0,ulti,leaves,1.9340,-8.0000,0.8278
100704,0,parti,hearts,1.8612,2.0000,0.9653
100706,0,ulti,leaves,1.0261,-8.0000,0.7522
100707,0,ulti,acorns,3.8248,4.0000,0.9854
100705,0,ulti,hearts,7.4748,8.0000,0.9781
100710,0,ulti,hearts,4.9926,-16.0000,0.8747
100708,0,ulti,bells,1.5344,4.0000,0.7945
100713,0,ulti,acorns,0.3905,4.0000,0.6992
100715,0,ulti,acorns,2.2065,-8.0000,0.8505
100716,0,parti,leaves,0.5453,-1.0000,0.7727
100703,0,ulti,hearts,7.6987,8.0000,0.9874
100711,0,parti,hearts,0.8705,-2.0000,0.7176
100717,0,ulti,bells,2.5074,-8.0000,0.8756
100709,0,ulti,acorns,3.9971,4.0000,0.9998
100712,0,ulti,hearts,6.8594,8.0000,0.9525
100718,0,ulti,bells,0.5881,-8.0000,0.7157
100714,0,ulti,hearts,7.8123,8.0000,0.9922
100719,0,ulti,bells,3.0006,-8.0000,0.9167
100723,1,,,0.0000,0.0000,0.0000
100722,0,ulti,hearts,7.9995,8.0000,1.0000
100724,1,,,0.0000,0.0000,0.0000
100721,0,ulti,acorns,1.6377,-8.0000,0.8031
100725,0,ulti,acorns,2.0627,4.0000,0.8386
100720,0,ulti,acorns,3.9924,4.0000,0.9994
100726,0,ulti,bells,3.5841,4.0000,0.9653
100727,0,parti,hearts,0.6748,-2.0000,0.6687
100731,0,ulti,acorns,1.9083,-8.0000,0.8257
100729,0,parti,bells,0.2558,1.0000,0.6279
100732,0,ulti,acorns,3.4306,4.0000,0.9525
100728,0,parti,acorns,0.9674,1.0000,0.9837
100730,0,parti,acorns,0.5743,1.0000,0.7872
100733,1,,,0.0000,0.0000,0.0000
100734,1,,,0.0000,0.0000,0.0000
100740,1,,,0.0000,0.0000,0.0000
100739,0,ulti,leaves,1.8763,-8.0000,0.8230
100743,1,,,0.0000,0.0000,0.0000
100741,0,ulti,bells,3.5265,4.0000,0.9605
100736,0,parti,hearts,0.5644,2.0000,0.6411
100745,0,ulti,hearts,5.3736,8.0000,0.8906
100744,0,ulti,leaves,3.9231,4.0000,0.9936
100735,0,ulti,acorns,3.9993,4.0000,0.9999
100738,0,ulti,hearts,7.3374,8.0000,0.9724
100748,0,parti,hearts,1.9988,2.0000,0.9997
100749,0,ulti,hearts,7.3004,8.0000,0.9709
100750,0,ulti,acorns,2.1206,-8.0000,0.8434
100746,0,parti,bells,0.9962,1.0000,0.9981
100751,0,parti,hearts,0.9783,2.0000,0.7446
100752,1,,,0.0000,0.0000,0.0000
100742,0,ulti,leaves,3.9953,4.0000,0.9996
100754,0,ulti,leaves,3.7185,4.0000,0.9765
100755,0,parti,hearts,1.0429,2.0000,0.7607
100756,1,,,0.0000,0.0000,0.0000
100747,0,parti,bells,0.5074,-1.0000,0.7537
100753,0,ulti,acorns,3.8194,4.0000,0.9850
100758,1,,,0.0000,0.0000,0.0000
100757,0,parti,hearts,1.9763,2.0000,0.9941
100760,1,,,0.0000,0.0000,0.0000
100759,1,,,0.0000,0.0000,0.0000
100761,0,ulti,acorns,1.7868,4.0000,0.8156
100737,0,ulti,leaves,3.9869,4.0000,0.9989
100762,0,ulti,hearts,5.7600,8.0000,0.9067
100764,0,ulti,hearts,3.9015,8.0000,0.8292
100765,0,ulti,leaves,2.8884,-8.0000,0.9074
100768,0,ulti,leaves,0.9256,-8.0000,0.7438
100767,0,ulti,leaves,2.2398,-8.0000,0.8533
100770,0,parti,hearts,0.9326,2.0000,0.7332
100769,0,ulti,bells,0.7875,-8.0000,0.7323
100766,0,parti,leaves,0.5418,-1.0000,0.7709
100763,0,parti,leaves,0.5736,1.0000,0.7868
100771,0,parti,hearts,1.2814,2.0000,0.8203
100773,1,,,0.0000,0.0000,0.0000
100777,1,,,0.0000,0.0000,0.0000
100775,0,ulti,acorns,3.3975,-8.0000,0.9498
100778,0,ulti,acorns,3.7319,4.0000,0.9777
100776,0,parti,hearts,1.9287,2.0000,0.9822
100772,0,ulti,leaves,3.7446,4.0000,0.9787
100780,0,ulti,hearts,1.1073,-16.0000,0.7128
100782,0,ulti,bells,3.7378,-8.0000,0.9781
100774,0,parti,leaves,0.6510,1.0000,0.8255
100784,0,ulti,leaves,3.7187,4.0000,0.9766
100783,0,ulti,leaves,3.1310,4.0000,0.9276
100786,0,ulti,hearts,7.8399,8.0000,0.9933
100785,0,parti,hearts,1.9856,2.0000,0.9964
100781,0,ulti,bells,3.1044,4.0000,0.9254
100788,0,ulti,hearts,4.8440,8.0000,0.8685
100779,0,parti,leaves,0.8278,1.0000,0.9139
100791,1,,,0.0000,0.0000,0.0000
100789,0,ulti,hearts,5.8904,8.0000,0.9121
100794,1,,,0.0000,0.0000,0.0000
100792,0,ulti,leaves,2.0069,-8.0000,0.8339
100790,0,parti,hearts,1.9274,2.0000,0.9819
100796,1,,,0.0000,0.0000,0.0000
100787,0,parti,leaves,0.5032,1.0000,0.7516
100795,0,parti,bells,0.9953,1.0000,0.9977
100797,0,betli,,0.1747,-5.0000,0.5175
100793,0,ulti,bells,3.9980,4.0000,0.9998
100799,0,parti,hearts,1.9997,2.0000,0.9999
100798,0,ulti,leaves,3.9392,4.0000,0.9949
100803,1,,,0.0000,0.0000,0.0000
100802,0,parti,hearts,1.9999,2.0000,1.0000
100801,0,parti,bells,0.9733,1.0000,0.9867
100800,0,ulti,acorns,3.4243,4.0000,0.9520
100804,0,ulti,leaves,3.8025,4.0000,0.9835
100806,0,ulti,hearts,6.2183,8.0000,0.9258
100807,0,parti,hearts,1.8768,-2.0000,0.9692
100809,0,parti,hearts,1.2999,2.0000,0.8250
100810,1,,,0.0000,0.0000,0.0000
100808,0,parti,hearts,1.7722,2.0000,0.9431
100805,0,parti,leaves,0.3629,1.0000,0.6814
100815,1,,,0.0000,0.0000,0.0000
100813,0,betli,,2.4144,-5.0000,0.7414
100817,0,ulti,leaves,3.6041,-8.0000,0.9670
100816,0,betli,,2.6689,5.0000,0.7669
100818,0,ulti,acorns,1.8036,4.0000,0.8170
100814,0,ulti,bells,3.9769,4.0000,0.9981
100819,0,ulti,hearts,4.0850,-16.0000,0.8369
100820,0,parti,hearts,1.9900,2.0000,0.9975
100811,0,parti,hearts,1.7942,2.0000,0.9485
100824,1,,,0.0000,0.0000,0.0000
100821,0,ulti,bells,2.6470,4.0000,0.8872
100823,0,ulti,leaves,0.9071,-8.0000,0.7423
100827,1,,,0.0000,0.0000,0.0000
100822,0,parti,hearts,1.8749,2.0000,0.9687
100812,0,ulti,hearts,7.9992,8.0000,1.0000
100826,0,ulti,hearts,7.6451,8.0000,0.9852
100825,0,parti,hearts,1.0127,-2.0000,0.7532
100829,1,,,0.0000,0.0000,0.0000
100830,0,ulti,bells,2.1623,-8.0000,0.8469
100828,0,ulti,hearts,6.4925,-16.0000,0.9372
100831,0,ulti,hearts,4.2659,8.0000,0.8444
100833,0,ulti,bells,3.0703,4.0000,0.9225
100835,1,,,0.0000,0.0000,0.0000
100832,0,parti,bells,0.9895,1.0000,0.9948
100836,0,ulti,hearts,6.4020,8.0000,0.9334
100838,1,,,0.0000,0.0000,0.0000
100837,1,,,0.0000,0.0000,0.0000
100840,1,,,0.0000,0.0000,0.0000
100839,0,parti,acorns,0.1397,-1.0000,0.5698
100842,0,ulti,hearts,4.5983,8.0000,0.8583
100845,1,,,0.0000,0.0000,0.0000
100841,0,parti,hearts,1.9890,2.0000,0.9972
100844,0,ulti,leaves,2.5735,-8.0000,0.8811
100843,0,ulti,leaves,3.9146,4.0000,0.9929
100847,0,betli,,0.0436,-5.0000,0.5044
100848,1,,,0.0000,0.0000,0.0000
100846,0,parti,acorns,0.4132,-1.0000,0.7066
100852,1,,,0.0000,0.0000,0.0000
100849,0,parti,bells,0.0637,-1.0000,0.5319
100851,0,parti,hearts,2.0000,2.0000,1.0000
100850,0,ulti,bells,3.9943,4.0000,0.9995
100853,0,ulti,hearts,2.7724,-16.0000,0.7822
100855,1,,,0.0000,0.0000,0.0000
100834,0,ulti,hearts,7.7492,8.0000,0.9896
100862,1,,,0.0000,0.0000,0.0000
100857,0,parti,hearts,1.8190,-2.0000,0.9548
100858,0,parti,bells,0.6156,1.0000,0.8078
100860,0,ulti,leaves,3.8937,4.0000,0.9911
100861,0,ulti,leaves,3.9941,4.0000,0.9995
100866,1,,,0.0000,0.0000,0.0000
100856,0,ulti,bells,3.6600,4.0000,0.9717
100865,0,betli,,4.9780,5.0000,0.9978
100863,0,parti,hearts,1.9892,2.0000,0.9973
100867,0,ulti,bells,2.6670,4.0000,0.8889
100870,1,,,0.0000,0.0000,0.0000
100871,1,,,0.0000,0.0000,0.0000
100869,0,parti,hearts,1.9980,2.0000,0.9995
100872,1,,,0.0000,0.0000,0.0000
100854,0,ulti,hearts,7.9434,8.0000,0.9976
100875,1,,,0.0000,0.0000,0.0000
100874,0,ulti,leaves,2.2495,4.0000,0.8541
100873,0,parti,hearts,1.1377,-2.0000,0.7844
100868,0,ulti,bells,3.9107,4.0000,0.9926
100859,0,ulti,bells,4.0000,4.0000,1.0000
100876,0,ulti,bells,3.6062,-8.0000,0.9672
100879,0,ulti,hearts,4.2752,8.0000,0.8448
100877,0,parti,hearts,1.9997,2.0000,0.9999
100880,0,ulti,acorns,3.1230,-8.0000,0.9269
100883,0,parti,hearts,1.9991,2.0000,0.9998
100878,0,parti,bells,0.0389,-1.0000,0.5194
100882,0,ulti,leaves,3.9762,4.0000,0.9980
100885,0,parti,hearts,1.9986,2.0000,0.9996
100887,0,ulti,leaves,0.8929,-8.0000,0.7411
100889,1,,,0.0000,0.0000,0.0000
100886,0,ulti,hearts,5.5769,-16.0000,0.8990
100864,0,ulti,leaves,3.9879,4.0000,0.9990
100890,1,,,0.0000,0.0000,0.0000
100888,0,ulti,leaves,3.7184,4.0000,0.9765
100881,0,ulti,hearts,7.9719,8.0000,0.9988
100895,0,ulti,bells,3.1119,4.0000,0.9260
100894,0,ulti,hearts,1.8004,-16.0000,0.7417
100891,0,ulti,acorns,3.9359,4.0000,0.9947
100896,0,ulti,hearts,3.4562,-16.0000,0.8107
100897,1,,,0.0000,0.0000,0.0000
100892,0,parti,hearts,1.0975,-2.0000,0.7744
100898,0,ulti,hearts,4.1810,8.0000,0.8409
100903,1,,,0.0000,0.0000,0.0000
100900,0,parti,leaves,0.6712,-1.0000,0.8356
100902,0,ulti,bells,2.6313,-8.0000,0.8859
100901,0,parti,hearts,1.6920,-2.0000,0.9230
100899,0,ulti,bells,3.9065,4.0000,0.9922
100893,0,parti,hearts,1.5268,-2.0000,0.8817
100884,0,ulti,hearts,7.9738,8.0000,0.9989
100904,0,ulti,bells,0.6572,4.0000,0.7214
100905,0,parti,leaves,0.9985,1.0000,0.9993
100907,0,parti,hearts,1.7740,-2.0000,0.9435
100912,1,,,0.0000,0.0000,0.0000
100908,0,ulti,hearts,4.8596,8.0000,0.8692
100911,0,ulti,hearts,3.9480,-16.0000,0.8312
100910,0,ulti,leaves,2.6822,4.0000,0.8902
100909,0,ulti,hearts,7.9696,8.0000,0.9987
100906,0,parti,acorns,0.3878,1.0000,0.6939
100918,1,,,0.0000,0.0000,0.0000
100915,0,betli,,1.6093,-5.0000,0.6609
100916,0,ulti,hearts,6.3542,8.0000,0.9314
100913,0,ulti,leaves,3.8145,4.0000,0.9845
100919,1,,,0.0000,0.0000,0.0000
100917,0,ulti,hearts,7.9130,8.0000,0.9964
100914,0,parti,acorns,0.9912,1.0000,0.9956
100921,0,parti,leaves,0.0350,-1.0000,0.5175
100923,1,,,0.0000,0.0000,0.0000
100920,0,ulti,bells,3.8933,4.0000,0.9911
100925,0,ulti,hearts,6.4986,8.0000,0.9374
100922,0,parti,leaves,0.9999,1.0000,0.9999
100926,1,,,0.0000,0.0000,0.0000
100927,0,ulti,bells,3.7818,-8.0000,0.9818
100928,1,,,0.0000,0.0000,0.0000
100924,0,parti,acorns,0.9873,1.0000,0.9936
100930,0,ulti,leaves,2.2742,4.0000,0.8562
100933,1,,,0.0000,0.0000,0.0000
100931,0,ulti,bells,1.9079,-8.0000,0.8257
100932,0,ulti,hearts,3.7980,-16.0000,0.8249
100940,1,,,0.0000,0.0000,0.0000
100936,0,parti,hearts,1.9990,2.0000,0.9997
100934,0,ulti,leaves,3.9206,4.0000,0.9934
100937,0,parti,leaves,0.9881,1.0000,0.9940
100942,0,ulti,hearts,4.7432,8.0000,0.8643
100943,1,,,0.0000,0.0000,0.0000
100944,1,,,0.0000,0.0000,0.0000
100938,0,ulti,hearts,7.6586,-16.0000,0.9858
100941,0,ulti,bells,3.8607,4.0000,0.9884
100945,0,ulti,bells,1.0258,4.0000,0.7521
100947,1,,,0.0000,0.0000,0.0000
100939,0,ulti,bells,3.9945,4.0000,0.9995
100948,0,ulti,acorns,1.0701,4.0000,0.7558
100946,0,ulti,bells,3.6275,4.0000,0.9690
100949,0,ulti,acorns,3.6437,4.0000,0.9703
100935,0,parti,bells,0.8384,1.0000,0.9192
100952,1,,,0.0000,0.0000,0.0000
100950,0,ulti,acorns,3.3785,4.0000,0.9482
100951,0,parti,acorns,0.9975,1.0000,0.9987
100953,0,parti,hearts,1.4322,-2.0000,0.8580
100957,1,,,0.0000,0.0000,0.0000
100959,0,ulti,acorns,3.4510,-8.0000,0.9542
100955,0,ulti,hearts,7.8502,8.0000,0.9938
100954,0,parti,leaves,0.7609,1.0000,0.8805
100961,0,ulti,bells,3.0298,4.0000,0.9191
100960,0,parti,leaves,0.9953,1.0000,0.9977
100929,0,ulti,bells,3.9999,4.0000,1.0000
100965,0,ulti,leaves,2.8502,4.0000,0.9042
100964,0,ulti,acorns,0.0634,-8.0000,0.6719
100963,0,betli,,1.0083,-5.0000,0.6008
100962,0,ulti,bells,3.8685,4.0000,0.9890
100969,1,,,0.0000,0.0000,0.0000
100970,1,,,0.0000,0.0000,0.0000
100968,0,ulti,acorns,3.0464,-8.0000,0.9205
100956,0,parti,leaves,0.8462,1.0000,0.9231
100972,1,,,0.0000,0.0000,0.0000
100973,1,,,0.0000,0.0000,0.0000
100976,1,,,0.0000,0.0000,0.0000
100958,0,parti,hearts,1.8371,2.0000,0.9593
100975,0,parti,hearts,0.7751,-2.0000,0.6938
100978,0,ulti,leaves,3.8362,4.0000,0.9863
100977,0,ulti,leaves,1.9408,-8.0000,0.8284
100979,1,,,0.0000,0.0000,0.0000
100980,1,,,0.0000,0.0000,0.0000
100971,0,parti,leaves,0.9012,1.0000,0.9506
100974,0,parti,bells,0.8481,1.0000,0.9240
100984,1,,,0.0000,0.0000,0.0000
100981,0,ulti,hearts,7.9645,8.0000,0.9985
100985,1,,,0.0000,0.0000,0.0000
100986,1,,,0.0000,0.0000,0.0000
100987,1,,,0.0000,0.0000,0.0000
100989,1,,,0.0000,0.0000,0.0000
100982,0,ulti,acorns,3.8436,4.0000,0.9870
100988,0,ulti,bells,3.9698,4.0000,0.9975
100990,1,,,0.0000,0.0000,0.0000
100966,0,ulti,acorns,3.9986,4.0000,0.9999
100996,0,ulti,hearts,0.9493,-16.0000,0.7062
100995,0,ulti,hearts,5.3467,8.0000,0.8894
100983,0,parti,leaves,0.9515,-1.0000,0.9757
100994,0,parti,hearts,1.9990,2.0000,0.9997
100993,0,ulti,hearts,7.9973,8.0000,0.9999
100997,0,ulti,hearts,2.8828,-16.0000,0.7868
101000,1,,,0.0000,0.0000,0.0000
100991,0,parti,leaves,0.2800,-1.0000,0.6400
100999,0,ulti,hearts,6.7624,8.0000,0.9484
101001,1,,,0.0000,0.0000,0.0000
100998,0,ulti,acorns,3.7486,4.0000,0.9791
101006,1,,,0.0000,0.0000,0.0000
101004,0,ulti,hearts,4.5649,-16.0000,0.8569
100992,0,ulti,hearts,7.9937,8.0000,0.9997
100967,0,ulti,hearts,7.9999,8.0000,1.0000
101005,0,ulti,acorns,3.4452,4.0000,0.9538
101002,0,parti,bells,0.9655,1.0000,0.9827
101003,0,ulti,leaves,3.7408,4.0000,0.9784
101007,0,ulti,leaves,3.9516,4.0000,0.9960
101011,1,,,0.0000,0.0000,0.0000
101013,1,,,0.0000,0.0000,0.0000
101012,0,ulti,leaves,3.1727,4.0000,0.9311
101009,0,ulti,leaves,2.2435,4.0000,0.8536
101010,0,ulti,acorns,3.9301,4.0000,0.9942
101014,0,ulti,acorns,3.7272,4.0000,0.9773
101016,0,ulti,acorns,3.9855,4.0000,0.9988
101018,1,,,0.0000,0.0000,0.0000
101015,0,ulti,bells,3.9542,4.0000,0.9962
101017,0,parti,hearts,1.5143,2.0000,0.8786
101008,0,ulti,hearts,7.9771,8.0000,0.9990
101022,1,,,0.0000,0.0000,0.0000
101021,0,ulti,leaves,3.9958,4.0000,0.9997
101023,0,ulti,leaves,2.4681,-8.0000,0.8723
101020,0,ulti,bells,3.8474,4.0000,0.9873
101024,0,ulti,hearts,7.7095,-16.0000,0.9879
101025,0,ulti,hearts,7.6423,8.0000,0.9851
101026,0,ulti,bells,3.9920,4.0000,0.9993
101019,0,parti,acorns,0.8998,1.0000,0.9499
101028,0,parti,bells,0.0484,-1.0000,0.5242
101030,0,ulti,leaves,3.9718,4.0000,0.9977
101027,0,ulti,bells,3.0575,4.0000,0.9215
101031,0,ulti,leaves,3.0507,4.0000,0.9209
101034,1,,,0.0000,0.0000,0.0000
101032,0,ulti,leaves,2.3686,4.0000,0.8640
101029,0,ulti,bells,3.9457,4.0000,0.9955
101033,0,ulti,hearts,7.7297,-16.0000,0.9887
101035,0,ulti,leaves,2.1514,-8.0000,0.8459
101039,1,,,0.0000,0.0000,0.0000
101037,0,ulti,hearts,1.0084,8.0000,0.7087
101038,0,ulti,acorns,1.7026,4.0000,0.8085
101036,0,ulti,bells,3.7254,-8.0000,0.9771
101040,0,parti,hearts,1.9788,2.0000,0.9947
101041,0,ulti,bells,2.3589,4.0000,0.8632
101042,0,parti,hearts,1.6322,2.0000,0.9081
101043,0,parti,hearts,1.9357,2.0000,0.9839
101044,1,,,0.0000,0.0000,0.0000
101045,1,,,0.0000,0.0000,0.0000
101047,0,ulti,bells,2.1559,4.0000,0.8463
101052,0,ulti,leaves,1.8867,-8.0000,0.8239
101048,0,ulti,bells,3.5776,4.0000,0.9648
101049,0,parti,hearts,1.9894,2.0000,0.9974
101050,0,ulti,hearts,4.8847,8.0000,0.8702
101051,0,ulti,hearts,7.8551,8.0000,0.9940
101053,0,parti,bells,0.1071,-1.0000,0.5536
101055,1,,,0.0000,0.0000,0.0000
101046,0,ulti,hearts,7.8805,8.0000,0.9950
101054,0,ulti,hearts,4.3965,8.0000,0.8499
101058,1,,,0.0000,0.0000,0.0000
101059,1,,,0.0000,0.0000,0.0000
101060,0,parti,acorns,0.9470,1.0000,0.9735
101064,1,,,0.0000,0.0000,0.0000
101067,1,,,0.0000,0.0000,0.0000
101057,0,ulti,acorns,3.9381,4.0000,0.9948
101061,0,parti,acorns,0.8343,1.0000,0.9171
101063,0,ulti,bells,3.3084,4.0000,0.9424
101062,0,parti,leaves,0.2135,-1.0000,0.6067
101069,1,,,0.0000,0.0000,0.0000
101056,0,parti,leaves,0.9350,1.0000,0.9675
101065,0,parti,bells,0.2832,-1.0000,0.6416
101068,0,ulti,hearts,4.5021,-16.0000,0.8543
101066,0,ulti,hearts,6.6697,8.0000,0.9446
101070,0,ulti,acorns,0.5531,4.0000,0.7128
101073,1,,,0.0000,0.0000,0.0000
101071,0,ulti,leaves,3.6064,4.0000,0.9672
101075,1,,,0.0000,0.0000,0.0000
101076,1,,,0.0000,0.0000,0.0000
101072,0,parti,acorns,0.4031,1.0000,0.7016
101077,0,ulti,leaves,3.8193,4.0000,0.9849
101079,1,,,0.0000,0.0000,0.0000
101078,0,ulti,acorns,3.1712,4.0000,0.9309
101081,0,parti,hearts,1.6540,-2.0000,0.9135
101074,0,ulti,bells,3.9964,4.0000,0.9997
101084,1,,,0.0000,0.0000,0.0000
101083,0,parti,hearts,0.1199,-2.0000,0.5300
101087,1,,,0.0000,0.0000,0.0000
101080,0,ulti,bells,3.9656,4.0000,0.9971
101089,1,,,0.0000,0.0000,0.0000
101086,0,parti,hearts,1.5158,2.0000,0.8789
101093,1,,,0.0000,0.0000,0.0000
101092,1,,,0.0000,0.0000,0.0000
101094,1,,,0.0000,0.0000,0.0000
101090,0,parti,bells,0.9749,1.0000,0.9875
101091,0,ulti,leaves,3.4557,4.0000,0.9546
101088,0,parti,hearts,1.9412,2.0000,0.9853
101085,0,parti,hearts,1.9715,-2.0000,0.9929
101096,0,ulti,bells,1.7677,4.0000,0.8140
101082,0,ulti,hearts,7.9958,8.0000,0.9998
101101,0,parti,leaves,0.0593,-1.0000,0.5296
101100,0,ulti,acorns,3.6202,4.0000,0.9683
101098,0,ulti,acorns,2.5414,4.0000,0.8785
101102,0,ulti,hearts,7.9086,8.0000,0.9962
101095,0,parti,acorns,0.9926,1.0000,0.9963
101099,0,ulti,hearts,4.6856,8.0000,0.8619
101097,0,parti,bells,0.2605,-1.0000,0.6303
101103,0,parti,acorns,0.9659,1.0000,0.9829
101104,0,parti,acorns,0.0840,-1.0000,0.5420
101111,0,ulti,leaves,1.5961,-8.0000,0.7997
101108,0,parti,bells,0.9890,1.0000,0.9945
101107,0,parti,leaves,0.1330,-1.0000,0.5665
101113,1,,,0.0000,0.0000,0.0000
101109,0,ulti,acorns,3.7124,4.0000,0.9760
101110,0,ulti,leaves,3.9511,4.0000,0.9959
101105,0,ulti,hearts,7.3779,8.0000,0.9741
101115,0,ulti,acorns,3.1702,4.0000,0.9308
101119,1,,,0.0000,0.0000,0.0000
101112,0,ulti,bells,3.9744,4.0000,0.9979
101118,0,ulti,acorns,3.7332,-8.0000,0.9778
101120,0,ulti,hearts,2.7638,8.0000,0.7818
101117,0,parti,hearts,1.8630,2.0000,0.9657
101121,0,ulti,bells,1.5264,-8.0000,0.7939
101123,0,ulti,hearts,2.0292,8.0000,0.7512
101114,0,parti,bells,0.9971,1.0000,0.9985
101116,0,ulti,hearts,7.8711,8.0000,0.9946
101124,0,ulti,bells,2.9255,4.0000,0.9105
101122,0,parti,hearts,1.6023,2.0000,0.9006
101127,1,,,0.0000,0.0000,0.0000
101126,0,ulti,hearts,4.5944,-16.0000,0.8581
101125,0,ulti,hearts,5.3894,8.0000,0.8912
101128,0,ulti,leaves,3.8034,-8.0000,0.9836
101129,0,ulti,hearts,2.4981,8.0000,0.7708
101106,0,parti,acorns,0.9178,1.0000,0.9589
101131,1,,,0.0000,0.0000,0.0000
101132,1,,,0.0000,0.0000,0.0000
101134,1,,,0.0000,0.0000,0.0000
101130,0,parti,hearts,1.9730,2.0000,0.9933
101133,0,ulti,leaves,3.6644,4.0000,0.9720
101135,0,parti,hearts,1.9972,2.0000,0.9993
101136,0,ulti,acorns,3.7454,4.0000,0.9788
101140,1,,,0.0000,0.0000,0.0000
101142,1,,,0.0000,0.0000,0.0000
101137,0,ulti,acorns,3.7731,4.0000,0.9811
101138,0,ulti,acorns,2.7264,-8.0000,0.8939
101141,0,ulti,bells,3.5435,-8.0000,0.9620
101139,0,ulti,leaves,3.9996,4.0000,1.0000
101143,0,ulti,bells,3.3848,4.0000,0.9487
101144,0,ulti,hearts,2.3451,-16.0000,0.7644
101146,0,ulti,bells,1.1808,-8.0000,0.7651
101147,0,parti,leaves,0.0329,-1.0000,0.5165
101145,0,ulti,hearts,7.9750,8.0000,0.9990
101148,0,ulti,hearts,6.0116,-16.0000,0.9172
101150,1,,,0.0000,0.0000,0.0000
101149,0,ulti,bells,3.9913,4.0000,0.9993
101152,0,ulti,hearts,7.9919,8.0000,0.9997
101153,0,betli,,1.5728,-5.0000,0.6573
101151,0,parti,hearts,0.2062,2.0000,0.5515
101157,0,parti,acorns,0.0455,-1.0000,0.5228
101158,0,parti,hearts,1.9895,2.0000,0.9974
101156,0,ulti,hearts,6.1042,8.0000,0.9210
101159,0,ulti,acorns,2.7433,4.0000,0.8953
101154,0,ulti,acorns,3.9996,4.0000,1.0000
101161,0,ulti,acorns,1.2719,-8.0000,0.7727
101160,0,ulti,bells,2.5597,4.0000,0.8800
101155,0,ulti,hearts,7.5090,8.0000,0.9795
101163,0,ulti,hearts,6.8630,-16.0000,0.9526
101165,1,,,0.0000,0.0000,0.0000
101168,1,,,0.0000,0.0000,0.0000
101169,1,,,0.0000,0.0000,0.0000
101164,0,ulti,leaves,3.7447,4.0000,0.9787
101170,0,ulti,leaves,2.7247,4.0000,0.8937
101162,0,parti,acorns,0.8847,1.0000,0.9424
101166,0,ulti,bells,2.4974,-8.0000,0.8748
101171,0,parti,hearts,1.9663,2.0000,0.9916
101176,1,,,0.0000,0.0000,0.0000
101172,0,parti,hearts,0.8001,2.0000,0.7000
101177,0,ulti,leaves,2.9795,-8.0000,0.9150
101175,0,parti,hearts,1.9627,2.0000,0.9907
101179,0,parti,hearts,2.0000,2.0000,1.0000
101178,0,parti,leaves,0.6689,1.0000,0.8344
101181,1,,,0.0000,0.0000,0.0000
101167,0,parti,hearts,1.6718,2.0000,0.9179
101173,0,ulti,acorns,3.7918,4.0000,0.9826
101185,0,durchmars,,2.2500,-6.0000,0.6875
101183,0,parti,leaves,0.7444,1.0000,0.8722
101182,0,ulti,acorns,3.9991,4.0000,0.9999
101188,1,,,0.0000,0.0000,0.0000
101184,0,parti,hearts,1.4606,-2.0000,0.8652
101189,1,,,0.0000,0.0000,0.0000
101180,0,parti,hearts,1.1687,2.0000,0.7922
101186,0,ulti,hearts,7.3257,8.0000,0.9719
101190,1,,,0.0000,0.0000,0.0000
101191,1,,,0.0000,0.0000,0.0000
101187,0,parti,hearts,1.9473,2.0000,0.9868
101174,0,parti,leaves,0.7073,1.0000,0.8536
101192,0,ulti,bells,3.2712,4.0000,0.9393
101194,0,parti,hearts,1.9675,2.0000,0.9919
101195,0,ulti,hearts,7.3133,8.0000,0.9714
101196,0,ulti,leaves,1.5787,-8.0000,0.7982
101197,0,ulti,leaves,3.7011,4.0000,0.9751
101200,0,ulti,acorns,1.1570,-8.0000,0.7631
101202,1,,,0.0000,0.0000,0.0000
101199,0,parti,hearts,1.6305,2.0000,0.9076
101193,0,ulti,hearts,7.9784,8.0000,0.9991
101201,0,parti,hearts,1.3237,-2.0000,0.8309
101205,1,,,0.0000,0.0000,0.0000
101204,0,parti,acorns,0.4742,1.0000,0.7371
101198,0,ulti,bells,3.9995,4.0000,1.0000
101207,0,parti,hearts,1.9976,2.0000,0.9994
101206,0,ulti,leaves,3.8065,-8.0000,0.9839
101210,1,,,0.0000,0.0000,0.0000
101211,0,ulti,hearts,4.1816,-16.0000,0.8409
101209,0,ulti,leaves,3.6737,4.0000,0.9728
101203,0,ulti,leaves,3.9989,4.0000,0.9999
101213,0,ulti,acorns,3.9228,4.0000,0.9936
101215,0,ulti,acorns,0.4272,-8.0000,0.7023
101216,1,,,0.0000,0.0000,0.0000
101217,0,ulti,acorns,3.0675,-8.0000,0.9223
101208,0,ulti,hearts,7.3308,8.0000,0.9721
101212,0,parti,bells,0.7419,-1.0000,0.8710
101218,1,,,0.0000,0.0000,0.0000
101219,1,,,0.0000,0.0000,0.0000
101214,0,parti,hearts,1.7636,2.0000,0.9409
101220,0,ulti,bells,2.0532,4.0000,0.8378
101221,0,parti,hearts,1.8044,2.0000,0.9511
101225,1,,,0.0000,0.0000,0.0000
101222,0,parti,leaves,0.4137,1.0000,0.7068
101223,0,ulti,bells,3.9499,4.0000,0.9958
101226,0,ulti,hearts,6.4176,8.0000,0.9341
101229,0,ulti,leaves,3.4289,-8.0000,0.9524
101224,0,ulti,bells,3.9217,4.0000,0.9935
101228,0,ulti,hearts,7.9380,8.0000,0.9974
101227,0,ulti,leaves,3.8321,4.0000,0.9860
101232,0,parti,bells,0.5069,-1.0000,0.7535
101230,0,ulti,acorns,3.9747,4.0000,0.9979
101235,0,ulti,bells,3.9764,4.0000,0.9980
101238,1,,,0.0000,0.0000,0.0000
101239,1,,,0.0000,0.0000,0.0000
101240,1,,,0.0000,0.0000,0.0000
101234,0,parti,hearts,0.3619,-2.0000,0.5905
101242,1,,,0.0000,0.0000,0.0000
101231,0,parti,hearts,0.3409,-2.0000,0.5852
101237,0,parti,hearts,1.3989,2.0000,0.8497
101236,0,parti,hearts,0.9048,-2.0000,0.7262
101247,1,,,0.0000,0.0000,0.0000
101248,1,,,0.0000,0.0000,0.0000
101241,0,ulti,hearts,6.9358,8.0000,0.9557
101244,0,ulti,leaves,3.9951,4.0000,0.9996
101245,0,parti,hearts,1.8678,2.0000,0.9670
101243,0,ulti,hearts,7.9362,8.0000,0.9973
101249,0,ulti,leaves,2.8517,-8.0000,0.9043
101233,0,ulti,hearts,7.9978,8.0000,0.9999
101250,0,ulti,leaves,1.9949,4.0000,0.8329
101246,0,ulti,bells,3.0505,-8.0000,0.9209
101254,1,,,0.0000,0.0000,0.0000
101252,0,parti,hearts,1.1800,-2.0000,0.7950
101253,0,parti,hearts,1.4600,2.0000,0.8650
101251,0,parti,bells,0.2188,1.0000,0.6094
101255,0,ulti,acorns,2.2703,4.0000,0.8559
101258,0,ulti,acorns,3.6760,4.0000,0.9730
101257,0,ulti,hearts,6.3237,8.0000,0.9302
101256,0,ulti,hearts,7.8853,8.0000,0.9952
101262,1,,,0.0000,0.0000,0.0000
101261,0,ulti,hearts,5.1561,-16.0000,0.8815
101260,0,parti,hearts,1.6109,2.0000,0.9027
101263,1,,,0.0000,0.0000,0.0000
101264,0,ulti,bells,3.4493,4.0000,0.9541
101268,0,ulti,leaves,1.5019,-8.0000,0.7918
101266,0,ulti,hearts,7.8111,8.0000,0.9921
101269,1,,,0.0000,0.0000,0.0000
101270,0,parti,leaves,0.8224,-1.0000,0.9112
101271,0,ulti,hearts,4.1194,-16.0000,0.8383
101275,1,,,0.0000,0.0000,0.0000
101267,0,ulti,leaves,3.6462,4.0000,0.9705
101273,0,betli,,1.7275,-5.0000,0.6727
101276,1,,,0.0000,0.0000,0.0000
101272,0,parti,bells,0.9990,1.0000,0.9995
101274,0,parti,bells,0.1545,1.0000,0.5772
101279,0,ulti,leaves,0.7842,4.0000,0.7320
101265,0,ulti,leaves,3.9851,4.0000,0.9988
101277,0,ulti,hearts,7.8656,8.0000,0.9944
101280,0,betli,,2.2661,-5.0000,0.7266
101278,0,parti,hearts,1.5146,-2.0000,0.8786
101282,0,ulti,hearts,4.5552,-16.0000,0.8565
101284,1,,,0.0000,0.0000,0.0000
101283,0,ulti,leaves,2.6384,4.0000,0.8865
101281,0,parti,leaves,0.8965,-1.0000,0.9483
101285,1,,,0.0000,0.0000,0.0000
101288,1,,,0.0000,0.0000,0.0000
101286,0,ulti,hearts,2.3885,-16.0000,0.7662
101287,0,ulti,hearts,5.9274,8.0000,0.9136
101291,1,,,0.0000,0.0000,0.0000
101289,0,ulti,acorns,1.8322,4.0000,0.8193
101290,0,ulti,bells,3.5457,4.0000,0.9621
101259,0,ulti,leaves,3.9954,4.0000,0.9996
101293,0,parti,hearts,1.9650,2.0000,0.9912
101295,0,ulti,bells,3.8046,4.0000,0.9837
101294,0,parti,hearts,0.9352,2.0000,0.7338
101296,0,ulti,acorns,3.9645,4.0000,0.9970
101299,0,ulti,bells,2.6021,4.0000,0.8835
101298,0,parti,hearts,0.9848,-2.0000,0.7462
101302,1,,,0.0000,0.0000,0.0000
101292,0,ulti,acorns,3.9438,4.0000,0.9953
101300,0,parti,hearts,0.2463,-2.0000,0.5616
101297,0,parti,acorns,0.9912,1.0000,0.9956
101303,0,parti,bells,0.6540,-1.0000,0.8270
101307,1,,,0.0000,0.0000,0.0000
101301,0,parti,hearts,0.7757,2.0000,0.6939
101306,0,betli,,1.4284,-5.0000,0.6428
101305,0,ulti,acorns,3.5965,4.0000,0.9664
101308,0,ulti,hearts,7.9984,8.0000,0.9999
101304,0,parti,hearts,1.1573,2.0000,0.7893
101309,1,,,0.0000,0.0000,0.0000
101311,1,,,0.0000,0.0000,0.0000
101317,1,,,0.0000,0.0000,0.0000
101318,0,ulti,leaves,2.5008,-8.0000,0.8751
101312,0,parti,bells,0.5874,-1.0000,0.7937
101316,0,ulti,bells,3.9664,4.0000,0.9972
101310,0,ulti,bells,3.6190,4.0000,0.9683
101321,1,,,0.0000,0.0000,0.0000
101315,0,ulti,acorns,3.5162,4.0000,0.9597
101320,0,parti,hearts,1.9999,2.0000,1.0000
101314,0,ulti,leaves,3.7372,4.0000,0.9781
101322,0,ulti,leaves,3.6810,4.0000,0.9734
101319,0,ulti,bells,3.8217,-8.0000,0.9851
101313,0,parti,hearts,1.8085,2.0000,0.9521
101325,1,,,0.0000,0.0000,0.0000
101324,0,ulti,hearts,6.4911,8.0000,0.9371
101327,1,,,0.0000,0.0000,0.0000
101323,0,parti,leaves,0.9179,-1.0000,0.9589
101329,0,ulti,bells,3.1398,4.0000,0.9283
101330,0,ulti,hearts,7.9337,8.0000,0.9972
101333,0,ulti,hearts,6.9251,8.0000,0.9552
101328,0,parti,hearts,1.7748,-2.0000,0.9437
101332,0,parti,hearts,1.6590,2.0000,0.9147
101331,0,ulti,acorns,3.9751,4.0000,0.9979
101335,0,ulti,hearts,5.1311,8.0000,0.8805
101336,0,ulti,hearts,5.3006,8.0000,0.8875
101340,1,,,0.0000,0.0000,0.0000
101339,0,ulti,leaves,0.7710,-8.0000,0.7309
101337,0,parti,bells,0.9831,1.0000,0.9915
101344,0,ulti,leaves,1.8586,-8.0000,0.8215
101345,0,ulti,bells,2.5134,-8.0000,0.8761
101343,0,parti,acorns,0.8216,1.0000,0.9108
101341,0,ulti,acorns,3.9554,4.0000,0.9963
101342,0,parti,leaves,0.7740,1.0000,0.8870
101347,1,,,0.0000,0.0000,0.0000
101326,0,ulti,bells,3.9685,4.0000,0.9974
101349,1,,,0.0000,0.0000,0.0000
101348,0,ulti,leaves,3.0787,4.0000,0.9232
101350,0,parti,hearts,0.8475,-2.0000,0.7119
101351,1,,,0.0000,0.0000,0.0000
101346,0,ulti,bells,3.9271,4.0000,0.9939
101338,0,ulti,acorns,3.9680,4.0000,0.9973
101353,0,ulti,acorns,1.5561,-8.0000,0.7963
101352,0,ulti,hearts,0.7195,-16.0000,0.6966
101334,0,ulti,acorns,3.9981,4.0000,0.9998
101354,0,parti,leaves,0.9987,1.0000,0.9994
101355,0,ulti,leaves,3.9399,4.0000,0.9950
101358,1,,,0.0000,0.0000,0.0000
101361,1,,,0.0000,0.0000,0.0000
101356,0,parti,hearts,1.9700,2.0000,0.9925
101360,0,ulti,leaves,2.1441,-8.0000,0.8453
101359,0,ulti,hearts,2.7374,-16.0000,0.7807
101357,0,parti,bells,0.9886,1.0000,0.9943
101362,0,ulti,leaves,1.3457,-8.0000,0.7788
101364,0,parti,hearts,1.9997,2.0000,0.9999
101363,0,ulti,acorns,3.1964,4.0000,0.9330
101366,0,ulti,bells,0.5220,-8.0000,0.7102
101365,0,parti,hearts,1.2420,-2.0000,0.8105
101367,0,ulti,hearts,4.7300,-16.0000,0.8637
101369,0,ulti,acorns,2.5034,4.0000,0.8753
101368,0,parti,hearts,1.5016,2.0000,0.8754
101371,0,ulti,hearts,1.4921,-16.0000,0.7288
101373,0,ulti,bells,0.7962,4.0000,0.7330
101374,0,ulti,bells,3.5585,4.0000,0.9632
101375,0,ulti,acorns,3.6269,-8.0000,0.9689
101370,0,parti,bells,0.8714,1.0000,0.9357
101372,0,ulti,hearts,6.5569,-16.0000,0.9399
101380,1,,,0.0000,0.0000,0.0000
101376,0,parti,leaves,0.6888,-1.0000,0.8444
101381,0,ulti,acorns,3.6133,4.0000,0.9678
101377,0,ulti,acorns,3.7408,4.0000,0.9784
101379,0,parti,leaves,0.9979,1.0000,0.9989
101378,0,ulti,bells,3.6256,4.0000,0.9688
101383,1,,,0.0000,0.0000,0.0000
101384,0,ulti,hearts,6.4779,-16.0000,0.9366
101382,0,ulti,leaves,3.9957,4.0000,0.9996
101386,1,,,0.0000,0.0000,0.0000
101385,0,ulti,leaves,0.1650,-8.0000,0.6804
101388,0,betli,,4.9774,5.0000,0.9977
101390,0,ulti,hearts,5.6155,8.0000,0.9006
101387,0,ulti,acorns,3.9971,4.0000,0.9998
101393,1,,,0.0000,0.0000,0.0000
101389,0,ulti,acorns,3.9021,4.0000,0.9918
101394,0,ulti,leaves,1.3786,4.0000,0.7816
101391,0,ulti,acorns,3.3512,4.0000,0.9459
101392,0,ulti,bells,2.9501,4.0000,0.9125
101396,1,,,0.0000,0.0000,0.0000
101395,0,parti,hearts,2.0000,2.0000,1.0000
101397,0,ulti,leaves,1.1790,-8.0000,0.7649
101400,1,,,0.0000,0.0000,0.0000
101399,0,ulti,leaves,1.6197,-8.0000,0.8016
101404,0,ulti,acorns,1.9331,-8.0000,0.8278
101398,0,ulti,hearts,4.9205,8.0000,0.8717
101405,0,betli,,1.3614,-5.0000,0.6361
101402,0,ulti,leaves,3.9757,4.0000,0.9980
101409,1,,,0.0000,0.0000,0.0000
101407,0,parti,hearts,1.0329,-2.0000,0.7582
101401,0,ulti,leaves,3.6452,4.0000,0.9704
101406,0,ulti,hearts,7.6704,8.0000,0.9863
101408,0,ulti,hearts,7.4845,8.0000,0.9785
101411,0,ulti,leaves,3.8691,4.0000,0.9891
101416,1,,,0.0000,0.0000,0.0000
101410,0,ulti,hearts,7.9556,8.0000,0.9981
101415,0,ulti,acorns,3.6154,-8.0000,0.9679
101417,1,,,0.0000,0.0000,0.0000
101413,0,ulti,hearts,6.7319,8.0000,0.9472
101403,0,parti,acorns,0.8977,1.0000,0.9489
101421,1,,,0.0000,0.0000,0.0000
101422,1,,,0.0000,0.0000,0.0000
101418,0,ulti,hearts,7.7237,8.0000,0.9885
101419,0,ulti,hearts,3.3401,-16.0000,0.8058
101425,0,ulti,leaves,2.9482,4.0000,0.9123
101424,0,ulti,leaves,3.9218,4.0000,0.9935
101414,0,ulti,bells,3.9466,4.0000,0.9955
101423,0,ulti,bells,3.6878,4.0000,0.9740
101427,1,,,0.0000,0.0000,0.0000
101426,0,parti,hearts,1.9582,2.0000,0.9895
101430,1,,,0.0000,0.0000,0.0000
101429,1,,,0.0000,0.0000,0.0000
101412,0,parti,bells,0.4679,1.0000,0.7340
101433,1,,,0.0000,0.0000,0.0000
101428,0,ulti,bells,3.9573,4.0000,0.9964
101434,0,ulti,leaves,1.5841,4.0000,0.7987
101431,0,ulti,hearts,7.8645,8.0000,0.9944
101436,0,parti,hearts,1.9997,2.0000,0.9999
101435,0,parti,bells,0.3744,-1.0000,0.6872
101432,0,ulti,hearts,6.6854,8.0000,0.9452
101438,1,,,0.0000,0.0000,0.0000
101420,0,ulti,hearts,7.8915,8.0000,0.9955
101439,0,betli,,0.1394,-5.0000,0.5139
101437,0,parti,hearts,1.9813,-2.0000,0.9953
101443,0,ulti,acorns,0.2519,-8.0000,0.6877
101442,0,ulti,hearts,6.3902,8.0000,0.9329
101440,0,ulti,leaves,3.7465,4.0000,0.9789
101444,0,ulti,acorns,3.8783,4.0000,0.9899
101449,0,ulti,leaves,0.7110,-8.0000,0.7259
101447,0,parti,leaves,0.9867,1.0000,0.9933
101445,0,parti,acorns,0.7239,-1.0000,0.8619
101448,0,ulti,hearts,3.9860,8.0000,0.8327
101451,1,,,0.0000,0.0000,0.0000
101446,0,parti,bells,0.2229,1.0000,0.6114
101453,1,,,0.0000,0.0000,0.0000
101441,0,ulti,leaves,3.9927,4.0000,0.9994
101454,1,,,0.0000,0.0000,0.0000
101450,0,ulti,hearts,7.9838,8.0000,0.9993
101452,0,ulti,hearts,7.7021,8.0000,0.9876
101455,0,ulti,leaves,0.8694,-8.0000,0.7391
101456,0,parti,acorns,0.2006,-1.0000,0.6003
101457,0,ulti,bells,3.2313,4.0000,0.9359
101459,0,ulti,hearts,2.0002,-16.0000,0.7500
101460,0,ulti,acorns,3.9190,4.0000,0.9932
101461,0,ulti,hearts,2.5690,-16.0000,0.7737
101465,0,ulti,acorns,0.9671,-8.0000,0.7473
101468,1,,,0.0000,0.0000,0.0000
101458,0,parti,acorns,0.2992,1.0000,0.6496
101464,0,parti,hearts,1.8294,2.0000,0.9573
101466,0,parti,leaves,0.1715,-1.0000,0.5858
101469,0,ulti,bells,0.8628,-8.0000,0.7386
101462,0,parti,hearts,1.8726,2.0000,0.9681
101472,0,parti,acorns,0.9994,1.0000,0.9997
101475,0,parti,leaves,0.9873,1.0000,0.9936
101473,0,ulti,bells,3.9527,4.0000,0.9961
101463,0,parti,acorns,0.9224,1.0000,0.9612
101470,0,ulti,hearts,7.7204,8.0000,0.9884
101477,1,,,0.0000,0.0000,0.0000
101476,0,parti,hearts,1.9990,2.0000,0.9998
101471,0,ulti,acorns,3.9877,4.0000,0.9990
101480,1,,,0.0000,0.0000,0.0000
101478,0,ulti,leaves,2.1080,-8.0000,0.8423
101479,0,ulti,leaves,3.9824,-8.0000,0.9985
101484,0,ulti,hearts,1.3510,-16.0000,0.7230
101474,0,ulti,acorns,3.9111,4.0000,0.9926
101485,0,ulti,bells,3.9607,4.0000,0.9967
101483,0,ulti,bells,3.8870,4.0000,0.9906
101486,0,ulti,acorns,3.8931,4.0000,0.9911
101488,0,ulti,leaves,3.6169,-8.0000,0.9681
101481,0,parti,acorns,0.7238,-1.0000,0.8619
101487,0,parti,leaves,0.2301,-1.0000,0.6150
101467,0,ulti,acorns,3.9991,4.0000,0.9999
101489,1,,,0.0000,0.0000,0.0000
101482,0,ulti,leaves,4.0000,4.0000,1.0000
101491,1,,,0.0000,0.0000,0.0000
101490,0,ulti,leaves,2.1313,-8.0000,0.8443
101492,0,ulti,hearts,7.5854,8.0000,0.9827
101495,1,,,0.0000,0.0000,0.0000
101496,0,ulti,bells,1.9735,4.0000,0.8311
101493,0,parti,bells,0.0281,-1.0000,0.5140
101498,0,ulti,leaves,3.9973,4.0000,0.9998
101499,0,parti,hearts,1.7428,-2.0000,0.9357
101500,0,parti,hearts,1.6251,-2.0000,0.9063
101501,0,ulti,acorns,2.2163,4.0000,0.8514
101497,0,ulti,leaves,3.8614,4.0000,0.9884
101503,1,,,0.0000,0.0000,0.0000
101502,0,ulti,leaves,0.3521,-8.0000,0.6960
101506,1,,,0.0000,0.0000,0.0000
101505,0,ulti,acorns,2.0885,4.0000,0.8407
101508,1,,,0.0000,0.0000,0.0000
101504,0,parti,hearts,1.6693,2.0000,0.9173
101507,0,parti,hearts,1.7832,2.0000,0.9458
101510,0,ulti,hearts,0.3494,-16.0000,0.6812
101511,1,,,0.0000,0.0000,0.0000
101512,1,,,0.0000,0.0000,0.0000
101514,1,,,0.0000,0.0000,0.0000
101509,0,parti,hearts,0.4949,-2.0000,0.6237
101513,0,ulti,acorns,3.0842,4.0000,0.9237
101515,1,,,0.0000,0.0000,0.0000
101516,1,,,0.0000,0.0000,0.0000
101494,0,ulti,acorns,3.9193,4.0000,0.9933
101517,0,ulti,acorns,2.7996,-8.0000,0.9000
101520,1,,,0.0000,0.0000,0.0000
101519,0,ulti,bells,3.5765,4.0000,0.9647
101521,1,,,0.0000,0.0000,0.0000
101523,1,,,0.0000,0.0000,0.0000
101522,0,ulti,hearts,2.3599,8.0000,0.7650
101518,0,parti,hearts,1.3725,-2.0000,0.8431
101526,0,parti,hearts,1.2413,-2.0000,0.8103
101525,0,betli,,2.8049,-5.0000,0.7805
101528,0,ulti,hearts,3.7423,-16.0000,0.8226
101527,0,parti,bells,0.1177,-1.0000,0.5589
101531,1,,,0.0000,0.0000,0.0000
101530,0,ulti,bells,1.6805,4.0000,0.8067
101524,0,ulti,acorns,3.7560,4.0000,0.9797
101532,0,ulti,hearts,5.6022,-16.0000,0.9001
101535,1,,,0.0000,0.0000,0.0000
101534,0,parti,hearts,1.9958,2.0000,0.9989
101538,1,,,0.0000,0.0000,0.0000
101533,0,ulti,acorns,3.9851,4.0000,0.9988
101536,0,parti,hearts,0.1415,-2.0000,0.5354
101537,0,parti,leaves,0.6600,1.0000,0.8300
101540,1,,,0.0000,0.0000,0.0000
101529,0,ulti,leaves,3.9990,4.0000,0.9999
101541,1,,,0.0000,0.0000,0.0000
101539,0,parti,hearts,0.9252,-2.0000,0.7313
101542,0,ulti,hearts,5.0788,-16.0000,0.8783
101543,0,ulti,leaves,3.2844,-8.0000,0.9404
101546,1,,,0.0000,0.0000,0.0000
101544,0,ulti,hearts,7.8880,8.0000,0.9953
101547,0,ulti,hearts,4.0501,8.0000,0.8354
101548,0,ulti,bells,3.0140,4.0000,0.9178
101545,0,ulti,acorns,3.6994,4.0000,0.9749
101550,0,ulti,bells,3.7624,4.0000,0.9802
101551,0,parti,acorns,0.2955,1.0000,0.6477
101552,0,parti,bells,0.0231,-1.0000,0.5116
101554,0,ulti,acorns,3.9328,4.0000,0.9944
101553,0,parti,bells,0.5570,-1.0000,0.7785
101549,0,ulti,acorns,3.9550,4.0000,0.9962
101555,0,parti,leaves,0.9954,1.0000,0.9977
101556,0,ulti,bells,3.1310,-8.0000,0.9276
101557,0,ulti,hearts,7.9983,8.0000,0.9999
101558,0,ulti,acorns,1.1417,4.0000,0.7618
101562,1,,,0.0000,0.0000,0.0000
101559,0,parti,leaves,0.6010,-1.0000,0.8005
101565,1,,,0.0000,0.0000,0.0000
101563,0,parti,leaves,0.9589,-1.0000,0.9794
101567,0,ulti,leaves,0.3701,4.0000,0.6975
101561,0,ulti,leaves,3.8167,4.0000,0.9847
101560,0,parti,acorns,0.9220,1.0000,0.9610
101564,0,ulti,bells,2.7880,4.0000,0.8990
101568,0,parti,acorns,0.9195,1.0000,0.9597
101569,0,ulti,acorns,2.8356,4.0000,0.9030
101570,0,parti,hearts,1.0737,2.0000,0.7684
101573,1,,,0.0000,0.0000,0.0000
101575,1,,,0.0000,0.0000,0.0000
101571,0,ulti,bells,2.6985,4.0000,0.8915
101576,1,,,0.0000,0.0000,0.0000
101572,0,ulti,acorns,3.0284,-8.0000,0.9190
101580,0,ulti,hearts,5.6782,-16.0000,0.9033
101578,0,ulti,leaves,1.1826,4.0000,0.7652
101581,1,,,0.0000,0.0000,0.0000
101582,1,,,0.0000,0.0000,0.0000
101566,0,parti,leaves,0.6122,1.0000,0.8061
101579,0,betli,,0.2128,-5.0000,0.5213
101577,0,ulti,bells,3.9426,4.0000,0.9952
101574,0,parti,hearts,1.8267,-2.0000,0.9567
101587,1,,,0.0000,0.0000,0.0000
101583,0,ulti,acorns,3.9611,4.0000,0.9968
101584,0,ulti,hearts,7.6526,-16.0000,0.9855
101588,0,parti,hearts,1.9970,2.0000,0.9992
101585,0,parti,hearts,1.9542,-2.0000,0.9886
101590,0,ulti,hearts,2.3622,-16.0000,0.7651
101592,0,parti,hearts,1.9983,2.0000,0.9996
101591,0,parti,acorns,0.1944,1.0000,0.5972
101595,0,ulti,acorns,3.8065,-8.0000,0.9839
101589,0,parti,bells,0.8727,-1.0000,0.9364
101586,0,ulti,hearts,6.9616,8.0000,0.9567
101594,0,parti,leaves,0.1872,-1.0000,0.5936
101596,0,ulti,leaves,1.7181,-8.0000,0.8098
101593,0,ulti,hearts,7.5512,8.0000,0.9813
101597,0,parti,hearts,1.6225,-2.0000,0.9056
101598,0,betli,,1.9601,-5.0000,0.6960
101599,0,parti,hearts,0.2587,2.0000,0.5647
101605,1,,,0.0000,0.0000,0.0000
101600,0,ulti,leaves,2.4512,-8.0000,0.8709
101604,0,ulti,hearts,7.2539,8.0000,0.9689
101602,0,ulti,bells,3.9768,4.0000,0.9981
101603,0,betli,,2.9271,5.0000,0.7927
101601,0,ulti,bells,3.9993,4.0000,0.9999
101606,0,ulti,bells,1.0851,4.0000,0.7571
101608,0,ulti,leaves,3.9911,4.0000,0.9993
101607,0,ulti,leaves,3.9833,4.0000,0.9986
101611,1,,,0.0000,0.0000,0.0000
101613,0,ulti,leaves,0.7585,-8.0000,0.7299
101609,0,ulti,acorns,3.9655,4.0000,0.9971
101610,0,parti,bells,0.0841,-1.0000,0.5420
101614,0,ulti,leaves,3.9967,4.0000,0.9997
101616,0,ulti,acorns,1.2175,-8.0000,0.7681
101617,0,ulti,acorns,2.9651,4.0000,0.9138
101615,0,parti,acorns,0.4139,1.0000,0.7070
101612,0,parti,acorns,0.8314,1.0000,0.9157
101618,0,ulti,acorns,3.7579,4.0000,0.9798
101622,1,,,0.0000,0.0000,0.0000
101620,0,ulti,bells,3.4901,-8.0000,0.9575
101621,0,ulti,hearts,7.9864,8.0000,0.9994
101623,0,ulti,hearts,3.9375,8.0000,0.8307
101625,0,ulti,hearts,3.0371,-16.0000,0.7932
101627,0,ulti,acorns,1.2886,4.0000,0.7740
101628,1,,,0.0000,0.0000,0.0000
101624,0,parti,acorns,0.0795,-1.0000,0.5397
101626,0,ulti,acorns,2.3442,4.0000,0.8620
101619,0,parti,acorns,0.9754,1.0000,0.9877
101630,0,ulti,hearts,6.5234,-16.0000,0.9385
101632,1,,,0.0000,0.0000,0.0000
101636,1,,,0.0000,0.0000,0.0000
101634,0,ulti,acorns,3.7787,4.0000,0.9816
101633,0,ulti,hearts,6.4816,8.0000,0.9367
101629,0,ulti,hearts,7.9974,8.0000,0.9999
101631,0,ulti,leaves,3.7627,4.0000,0.9802
101638,1,,,0.0000,0.0000,0.0000
101640,1,,,0.0000,0.0000,0.0000
101637,0,parti,hearts,2.0000,2.0000,1.0000
101639,0,ulti,acorns,3.0277,4.0000,0.9190
101642,1,,,0.0000,0.0000,0.0000
101635,0,ulti,hearts,7.9867,8.0000,0.9994
101641,0,ulti,bells,1.1472,4.0000,0.7623
101644,1,,,0.0000,0.0000,0.0000
101643,0,parti,bells,0.9988,1.0000,0.9994
101650,1,,,0.0000,0.0000,0.0000
101646,0,ulti,acorns,3.8709,4.0000,0.9892
101648,0,ulti,acorns,1.2511,4.0000,0.7709
101649,0,parti,bells,0.2129,1.0000,0.6065
101652,1,,,0.0000,0.0000,0.0000
101647,0,ulti,bells,3.3722,4.0000,0.9477
101651,0,parti,hearts,0.1252,2.0000,0.5313
101653,0,ulti,hearts,4.3738,-16.0000,0.8489
101657,1,,,0.0000,0.0000,0.0000
101658,1,,,0.0000,0.0000,0.0000
101655,0,ulti,leaves,2.6738,4.0000,0.8895
101654,0,ulti,leaves,3.8172,4.0000,0.9848
101656,0,ulti,bells,3.5717,4.0000,0.9643
101661,0,betli,,4.0594,-5.0000,0.9059
101662,1,,,0.0000,0.0000,0.0000
101645,0,ulti,leaves,3.9748,4.0000,0.9979
101660,0,ulti,leaves,3.9988,4.0000,0.9999
101663,0,ulti,hearts,7.8829,8.0000,0.9951
101668,1,,,0.0000,0.0000,0.0000
101664,0,betli,,4.9822,5.0000,0.9982
101667,0,ulti,bells,3.4800,4.0000,0.9567
101659,0,parti,hearts,1.9921,2.0000,0.9980
101665,0,ulti,bells,3.9836,4.0000,0.9986
101666,0,parti,hearts,0.7556,-2.0000,0.6889
101669,0,ulti,leaves,1.8755,-8.0000,0.8230
101671,1,,,0.0000,0.0000,0.0000
101674,1,,,0.0000,0.0000,0.0000
101672,0,ulti,bells,3.2010,4.0000,0.9334
101675,0,ulti,hearts,0.4825,-16.0000,0.6868
101677,0,ulti,acorns,3.8414,4.0000,0.9868
101678,0,ulti,acorns,3.0596,-8.0000,0.9216
101670,0,ulti,acorns,3.9971,4.0000,0.9998
101673,0,ulti,leaves,3.3270,4.0000,0.9439
101681,1,,,0.0000,0.0000,0.0000
101682,1,,,0.0000,0.0000,0.0000
101676,0,ulti,bells,3.9351,4.0000,0.9946
101680,0,ulti,bells,3.9531,4.0000,0.9961
101684,1,,,0.0000,0.0000,0.0000
101679,0,ulti,hearts,7.5403,8.0000,0.9808
101683,0,ulti,hearts,7.4344,8.0000,0.9764
101685,0,parti,bells,0.1860,-1.0000,0.5930
101687,0,ulti,hearts,5.7357,8.0000,0.9057
101688,1,,,0.0000,0.0000,0.0000
101686,0,ulti,leaves,3.8937,4.0000,0.9911
101689,0,parti,hearts,1.9728,2.0000,0.9932
101690,0,ulti,bells,1.0001,-8.0000,0.7500
101691,0,ulti,bells,2.0637,-8.0000,0.8386
101692,0,ulti,acorns,3.9530,4.0000,0.9961
101693,0,parti,acorns,0.6627,1.0000,0.8314
101694,0,parti,hearts,1.2833,2.0000,0.8208
101697,0,ulti,bells,2.8489,4.0000,0.9041
101695,0,ulti,bells,3.4170,4.0000,0.9514
101701,1,,,0.0000,0.0000,0.0000
101696,0,parti,acorns,0.9898,-1.0000,0.9949
101699,0,ulti,hearts,7.4720,-16.0000,0.9780
101700,0,parti,hearts,1.6296,2.0000,0.9074
101698,0,ulti,acorns,3.9725,4.0000,0.9977
101703,0,ulti,acorns,2.3711,-8.0000,0.8643
101705,0,ulti,bells,2.2434,-8.0000,0.8536
101709,1,,,0.0000,0.0000,0.0000
101708,0,ulti,leaves,2.0418,-8.0000,0.8368
101704,0,ulti,hearts,7.9988,8.0000,1.0000
101711,0,ulti,acorns,2.0386,4.0000,0.8366
101706,0,parti,leaves,0.6962,1.0000,0.8481
101702,0,parti,leaves,0.7835,1.0000,0.8918
101713,0,ulti,hearts,3.1474,8.0000,0.7978
101710,0,ulti,bells,3.9954,4.0000,0.9996
101718,1,,,0.0000,0.0000,0.0000
101715,0,parti,leaves,0.8455,1.0000,0.9227
101720,1,,,0.0000,0.0000,0.0000
101707,0,ulti,hearts,7.9460,8.0000,0.9978
101714,0,parti,bells,0.7225,-1.0000,0.8613
101717,0,ulti,acorns,3.7591,4.0000,0.9799
101716,0,parti,acorns,0.9571,1.0000,0.9785
101722,0,ulti,leaves,1.4771,-8.0000,0.7898
101712,0,parti,bells,0.8031,1.0000,0.9015
101721,0,ulti,acorns,3.7516,4.0000,0.9793
101719,0,parti,hearts,1.1662,2.0000,0.7916
101725,1,,,0.0000,0.0000,0.0000
101723,0,ulti,bells,3.9566,4.0000,0.9964
101726,1,,,0.0000,0.0000,0.0000
101729,1,,,0.0000,0.0000,0.0000
101724,0,parti,hearts,1.4661,2.0000,0.8665
101730,0,parti,bells,0.9947,1.0000,0.9974
101727,0,ulti,hearts,7.7755,8.0000,0.9906
101731,0,ulti,hearts,4.1485,8.0000,0.8395
101732,0,ulti,acorns,1.2820,-8.0000,0.7735
101733,0,ulti,acorns,2.8342,4.0000,0.9029
101736,1,,,0.0000,0.0000,0.0000
101735,0,parti,leaves,0.9316,-1.0000,0.9658
101728,0,parti,hearts,1.0858,2.0000,0.7714
101734,0,ulti,leaves,3.7868,4.0000,0.9822
101740,0,ulti,hearts,2.8543,8.0000,0.7856
101739,0,parti,leaves,0.6516,-1.0000,0.8258
101737,0,ulti,acorns,3.9515,4.0000,0.9960
101742,0,betli,,4.9596,-5.0000,0.9960
101741,0,parti,hearts,1.9095,2.0000,0.9774
101738,0,ulti,hearts,7.8934,-16.0000,0.9956
101748,1,,,0.0000,0.0000,0.0000
101746,0,ulti,leaves,1.3653,-8.0000,0.7804
101745,0,ulti,leaves,2.1112,4.0000,0.8426
101744,0,parti,leaves,0.1347,-1.0000,0.5673
101743,0,ulti,acorns,3.9071,4.0000,0.9923
101747,0,parti,hearts,1.1193,-2.0000,0.7798
101749,1,,,0.0000,0.0000,0.0000
101750,0,ulti,hearts,5.2478,-16.0000,0.8853
101755,1,,,0.0000,0.0000,0.0000
101754,0,ulti,leaves,0.9274,-8.0000,0.7439
101757,0,ulti,bells,2.3405,4.0000,0.8617
101756,0,ulti,bells,3.8275,4.0000,0.9856
101753,0,parti,hearts,0.4704,2.0000,0.6176
101751,0,parti,leaves,0.7397,1.0000,0.8698
101752,0,ulti,bells,3.9915,4.0000,0.9993
101763,1,,,0.0000,0.0000,0.0000
101758,0,ulti,leaves,3.8539,4.0000,0.9878
101760,0,parti,hearts,1.7839,-2.0000,0.9460
101766,1,,,0.0000,0.0000,0.0000
101759,0,ulti,acorns,3.9999,4.0000,1.0000
101767,0,ulti,hearts,2.7229,8.0000,0.7801
101768,0,ulti,leaves,3.3133,4.0000,0.9428
101764,0,ulti,bells,3.9998,4.0000,1.0000
101761,0,parti,acorns,0.6297,-1.0000,0.8149
101771,1,,,0.0000,0.0000,0.0000
101773,1,,,0.0000,0.0000,0.0000
101769,0,parti,acorns,0.4791,1.0000,0.7396
101770,0,parti,hearts,1.3111,-2.0000,0.8278
101774,0,ulti,hearts,7.1904,8.0000,0.9663
101772,0,parti,acorns,0.6061,1.0000,0.8030
101765,0,ulti,bells,3.9921,4.0000,0.9993
101775,0,ulti,bells,0.7596,-8.0000,0.7300
101776,0,ulti,leaves,2.8443,4.0000,0.9037
101778,0,parti,hearts,1.1840,-2.0000,0.7960
101777,0,ulti,hearts,7.9406,8.0000,0.9975
101780,0,ulti,bells,1.8719,-8.0000,0.8227
101779,0,ulti,leaves,3.9142,4.0000,0.9929
101785,1,,,0.0000,0.0000,0.0000
101783,0,ulti,leaves,3.2474,-8.0000,0.9373
101784,0,ulti,leaves,3.6232,4.0000,0.9686
101782,0,ulti,bells,0.5921,-8.0000,0.7160
101781,0,ulti,acorns,3.9627,4.0000,0.9969
101786,0,ulti,acorns,2.3274,4.0000,0.8606
101788,1,,,0.0000,0.0000,0.0000
101789,1,,,0.0000,0.0000,0.0000
101791,0,parti,hearts,1.9999,2.0000,1.0000
101787,0,ulti,bells,3.6192,4.0000,0.9683
101792,0,ulti,leaves,0.9718,-8.0000,0.7476
101790,0,ulti,hearts,6.6822,8.0000,0.9451
101793,0,ulti,hearts,7.7830,8.0000,0.9910
101762,0,ulti,acorns,3.9983,4.0000,0.9999
101794,0,parti,leaves,0.0202,-1.0000,0.5101
101797,0,parti,bells,0.1336,-1.0000,0.5668
101798,0,ulti,hearts,6.8964,8.0000,0.9540
101796,0,ulti,hearts,7.9340,8.0000,0.9972
101795,0,parti,hearts,1.3551,2.0000,0.8388
101800,0,ulti,hearts,4.0472,-16.0000,0.8353
101799,0,parti,leaves,0.6024,-1.0000,0.8012
101805,1,,,0.0000,0.0000,0.0000
101806,1,,,0.0000,0.0000,0.0000
101804,0,ulti,leaves,3.1851,4.0000,0.9321
101810,1,,,0.0000,0.0000,0.0000
101807,0,parti,leaves,0.9943,1.0000,0.9972
101808,0,ulti,acorns,3.9946,4.0000,0.9995
101811,1,,,0.0000,0.0000,0.0000
101813,1,,,0.0000,0.0000,0.0000
101814,1,,,0.0000,0.0000,0.0000
101815,1,,,0.0000,0.0000,0.0000
101812,0,ulti,leaves,1.5572,4.0000,0.7964
101816,1,,,0.0000,0.0000,0.0000
101817,1,,,0.0000,0.0000,0.0000
101818,1,,,0.0000,0.0000,0.0000
101802,0,parti,hearts,0.9759,2.0000,0.7440
101809,0,parti,hearts,0.6637,-2.0000,0.6659
101821,0,ulti,leaves,3.1037,4.0000,0.9253
101819,0,parti,leaves,0.2346,1.0000,0.6173
101824,0,ulti,bells,0.7004,-8.0000,0.7250
101823,0,ulti,hearts,7.7320,8.0000,0.9888
101801,0,parti,leaves,0.8887,1.0000,0.9444
101827,0,ulti,acorns,1.4206,-8.0000,0.7851
101820,0,parti,acorns,0.6999,1.0000,0.8499
101829,1,,,0.0000,0.0000,0.0000
101826,0,ulti,acorns,3.8723,4.0000,0.9894
101830,0,parti,hearts,0.8076,2.0000,0.7019
101828,0,ulti,bells,3.9378,4.0000,0.9948
101831,0,ulti,hearts,7.1125,-16.0000,0.9630
101822,0,parti,bells,0.5133,-1.0000,0.7567
101832,0,ulti,bells,2.7957,-8.0000,0.8996
101833,0,ulti,leaves,2.2870,4.0000,0.8572
101803,0,ulti,bells,3.9905,4.0000,0.9992
101834,0,ulti,leaves,3.0017,4.0000,0.9168
101836,0,ulti,hearts,7.3051,8.0000,0.9710
101835,0,ulti,bells,3.9219,4.0000,0.9935
101825,0,parti,acorns,0.9275,1.0000,0.9637
101837,0,ulti,bells,3.1546,-8.0000,0.9296
101838,0,ulti,hearts,2.4515,-16.0000,0.7688
101839,0,ulti,acorns,3.8571,4.0000,0.9881
101840,0,parti,hearts,1.9959,2.0000,0.9990
101846,0,ulti,acorns,3.1194,-8.0000,0.9266
101843,0,parti,hearts,1.2982,2.0000,0.8245
101848,1,,,0.0000,0.0000,0.0000
101842,0,ulti,hearts,7.3029,8.0000,0.9710
101847,0,ulti,hearts,7.7619,8.0000,0.9901
101841,0,ulti,acorns,3.4941,4.0000,0.9578
101845,0,ulti,hearts,7.5916,-16.0000,0.9830
101844,0,ulti,hearts,6.3634,8.0000,0.9318
101849,0,ulti,acorns,1.8288,4.0000,0.8191
101850,0,ulti,hearts,2.9420,-16.0000,0.7893
101851,1,,,0.0000,0.0000,0.0000
101855,1,,,0.0000,0.0000,0.0000
101856,0,durchmars,,2.6250,6.0000,0.7188
101852,0,parti,hearts,1.8208,-2.0000,0.9552
101859,0,ulti,acorns,3.7062,4.0000,0.9755
101857,0,durchmars,,6.0000,6.0000,1.0000
101858,0,parti,leaves,0.9940,1.0000,0.9970
101864,1,,,0.0000,0.0000,0.0000
101863,1,,,0.0000,0.0000,0.0000
101860,0,parti,bells,0.3755,1.0000,0.6878
101861,0,ulti,hearts,3.2178,8.0000,0.8007
101854,0,ulti,hearts,6.3795,8.0000,0.9325
101853,0,ulti,leaves,3.9263,4.0000,0.9939
101862,0,ulti,leaves,3.8900,4.0000,0.9908
101868,1,,,0.0000,0.0000,0.0000
101871,1,,,0.0000,0.0000,0.0000
101865,0,parti,leaves,0.1936,1.0000,0.5968
101866,0,ulti,leaves,2.7198,-8.0000,0.8933
101872,1,,,0.0000,0.0000,0.0000
101867,0,parti,leaves,0.0160,-1.0000,0.5080
101870,0,parti,bells,0.1022,-1.0000,0.5511
101873,0,parti,bells,0.1269,-1.0000,0.5635
101874,0,ulti,hearts,1.1200,-16.0000,0.7133
101876,1,,,0.0000,0.0000,0.0000
101875,0,ulti,leaves,1.3634,-8.0000,0.7803
101877,0,ulti,hearts,3.1021,-16.0000,0.7959
101881,1,,,0.0000,0.0000,0.0000
101880,1,,,0.0000,0.0000,0.0000
101879,0,parti,hearts,1.5120,-2.0000,0.8780
101882,0,ulti,hearts,6.5387,8.0000,0.9391
101884,0,ulti,hearts,6.3911,-16.0000,0.9330
101878,0,ulti,leaves,3.6381,4.0000,0.9698
101883,0,parti,bells,0.1534,1.0000,0.5767
101887,0,ulti,hearts,5.7889,-16.0000,0.9079
101885,0,ulti,bells,3.1244,-8.0000,0.9270
101889,1,,,0.0000,0.0000,0.0000
101888,0,ulti,bells,0.3174,4.0000,0.6931
101891,1,,,0.0000,0.0000,0.0000
101890,0,ulti,bells,3.8989,4.0000,0.9916
101893,0,ulti,hearts,4.5537,-16.0000,0.8564
101886,0,parti,hearts,1.5696,-2.0000,0.8924
101869,0,ulti,leaves,3.9911,4.0000,0.9993
101895,0,ulti,bells,3.5890,4.0000,0.9657
101894,0,ulti,acorns,2.1556,4.0000,0.8463
101898,1,,,0.0000,0.0000,0.0000
101896,0,parti,bells,0.9978,1.0000,0.9989
101900,0,ulti,bells,3.2483,4.0000,0.9374
101903,0,parti,hearts,1.1242,-2.0000,0.7810
101902,0,ulti,leaves,3.4111,4.0000,0.9509
101905,1,,,0.0000,0.0000,0.0000
101904,0,ulti,acorns,0.8027,-8.0000,0.7336
101897,0,parti,leaves,0.9885,1.0000,0.9943
101906,0,ulti,hearts,3.7920,-16.0000,0.8247
101908,0,ulti,acorns,2.2261,-8.0000,0.8522
101899,0,ulti,leaves,3.8198,4.0000,0.9850
101910,0,ulti,leaves,2.7490,-8.0000,0.8957
101913,1,,,0.0000,0.0000,0.0000
101914,1,,,0.0000,0.0000,0.0000
101909,0,ulti,hearts,7.4122,8.0000,0.9755
101911,0,parti,hearts,1.9980,2.0000,0.9995
101912,0,parti,hearts,1.9855,-2.0000,0.9964
101917,0,ulti,bells,0.3965,-8.0000,0.6997
101892,0,ulti,acorns,3.9783,4.0000,0.9982
101915,0,ulti,leaves,3.6699,4.0000,0.9725
101916,0,ulti,leaves,3.9309,4.0000,0.9942
101919,0,ulti,acorns,3.5719,4.0000,0.9643
101920,0,ulti,acorns,2.7448,4.0000,0.8954
101907,0,ulti,hearts,7.9972,8.0000,0.9999
101918,0,parti,bells,0.1830,-1.0000,0.5915
101922,0,ulti,leaves,3.1555,4.0000,0.9296
101923,0,betli,,0.4693,-5.0000,0.5469
101929,1,,,0.0000,0.0000,0.0000
101927,0,ulti,bells,3.5266,4.0000,0.9605
101921,0,ulti,bells,3.9768,4.0000,0.9981
101924,0,parti,hearts,1.3536,-2.0000,0.8384
101925,0,ulti,leaves,3.9867,4.0000,0.9989
101901,0,ulti,leaves,3.9823,4.0000,0.9985
101928,0,parti,hearts,0.7264,-2.0000,0.6816
101934,1,,,0.0000,0.0000,0.0000
101930,0,ulti,hearts,3.1085,-16.0000,0.7962
101932,0,durchmars,,3.7500,6.0000,0.8125
101936,0,ulti,bells,0.9422,-8.0000,0.7452
101938,1,,,0.0000,0.0000,0.0000
101931,0,parti,hearts,1.3539,-2.0000,0.8385
101935,0,ulti,leaves,3.7219,4.0000,0.9768
101933,0,parti,hearts,1.5536,2.0000,0.8884
101940,1,,,0.0000,0.0000,0.0000
101941,1,,,0.0000,0.0000,0.0000
101944,0,ulti,leaves,2.5239,-8.0000,0.8770
101946,0,ulti,bells,2.9477,4.0000,0.9123
101943,0,ulti,bells,1.5985,-8.0000,0.7999
101926,0,ulti,leaves,3.9933,4.0000,0.9994
101945,0,ulti,bells,2.1058,-8.0000,0.8422
101939,0,ulti,hearts,7.8328,8.0000,0.9930
101947,1,,,0.0000,0.0000,0.0000
101937,0,parti,acorns,0.9780,-1.0000,0.9890
101950,0,parti,hearts,1.9994,2.0000,0.9999
101948,0,parti,leaves,0.9927,1.0000,0.9964
101952,0,ulti,hearts,4.7059,8.0000,0.8627
101951,0,parti,hearts,1.9936,2.0000,0.9984
101953,0,ulti,bells,3.3952,4.0000,0.9496
101954,0,ulti,leaves,2.9638,4.0000,0.9136
101957,0,ulti,leaves,3.5172,-8.0000,0.9598
101955,0,parti,hearts,1.3999,2.0000,0.8500
101956,0,betli,,3.5597,-5.0000,0.8560
101960,1,,,0.0000,0.0000,0.0000
101942,0,parti,hearts,1.6657,-2.0000,0.9164
101959,0,ulti,acorns,2.3539,-8.0000,0.8628
101958,0,ulti,leaves,0.7063,-8.0000,0.7255
101964,1,,,0.0000,0.0000,0.0000
101965,1,,,0.0000,0.0000,0.0000
101961,0,parti,leaves,0.0295,-1.0000,0.5148
101966,0,ulti,leaves,1.2999,-8.0000,0.7750
101963,0,parti,acorns,0.0907,1.0000,0.5453
101962,0,parti,acorns,0.0722,1.0000,0.5361
101970,1,,,0.0000,0.0000,0.0000
101967,0,parti,acorns,0.3735,1.0000,0.6867
101968,0,parti,leaves,0.9954,1.0000,0.9977
101971,0,ulti,acorns,3.0629,-8.0000,0.9219
101972,0,ulti,bells,1.7032,4.0000,0.8086
101973,0,ulti,leaves,2.8472,4.0000,0.9039
101969,0,parti,hearts,1.9971,2.0000,0.9993
101978,1,,,0.0000,0.0000,0.0000
101975,0,ulti,leaves,3.9796,4.0000,0.9983
101949,0,ulti,leaves,3.9811,4.0000,0.9984
101976,0,ulti,leaves,3.9522,4.0000,0.9960
101979,0,ulti,hearts,2.0912,-16.0000,0.7538
101977,0,ulti,leaves,3.9763,4.0000,0.9980
101974,0,ulti,leaves,3.9987,4.0000,0.9999
101981,0,ulti,acorns,3.7008,4.0000,0.9751
101984,0,ulti,bells,2.6587,-8.0000,0.8882
101983,0,parti,hearts,1.9997,2.0000,0.9999
101980,0,parti,hearts,1.7556,2.0000,0.9389
101986,0,parti,bells,0.0231,-1.0000,0.5116
101987,0,ulti,hearts,4.7604,-16.0000,0.8650
101982,0,ulti,hearts,3.4198,-16.0000,0.8092
101989,1,,,0.0000,0.0000,0.0000
101985,0,ulti,bells,3.4612,4.0000,0.9551
101988,0,ulti,hearts,7.9919,8.0000,0.9997
101991,1,,,0.0000,0.0000,0.0000
101990,0,ulti,bells,3.1935,4.0000,0.9328
101993,1,,,0.0000,0.0000,0.0000
101994,1,,,0.0000,0.0000,0.0000
101992,0,ulti,hearts,5.8504,-16.0000,0.9104
101996,0,betli,,4.9119,-5.0000,0.9912
102000,1,,,0.0000,0.0000,0.0000
101997,0,ulti,leaves,3.7881,4.0000,0.9823
102001,0,ulti,hearts,1.4132,-16.0000,0.7255
102002,0,ulti,acorns,2.1904,-8.0000,0.8492
101995,0,ulti,hearts,7.7796,8.0000,0.9908
102004,1,,,0.0000,0.0000,0.0000
102005,1,,,0.0000,0.0000,0.0000
102007,1,,,0.0000,0.0000,0.0000
102006,0,ulti,bells,2.4689,4.0000,0.8724
101999,0,ulti,hearts,7.6623,8.0000,0.9859
102009,0,ulti,leaves,2.2127,-8.0000,0.8511
102010,0,ulti,hearts,3.0938,8.0000,0.7956
102003,0,ulti,hearts,7.1750,8.0000,0.9656
102011,0,ulti,leaves,3.2952,4.0000,0.9413
102012,0,ulti,hearts,5.3279,8.0000,0.8887
102014,1,,,0.0000,0.0000,0.0000
101998,0,ulti,hearts,7.9992,8.0000,1.0000
102008,0,parti,leaves,0.9398,-1.0000,0.9699
102013,0,ulti,leaves,3.2811,4.0000,0.9401
102015,0,ulti,bells,3.1857,4.0000,0.9321
102017,1,,,0.0000,0.0000,0.0000
102016,0,ulti,hearts,4.9663,8.0000,0.8736
102020,1,,,0.0000,0.0000,0.0000
102018,0,ulti,acorns,0.7361,4.0000,0.7280
102023,1,,,0.0000,0.0000,0.0000
102021,0,ulti,leaves,3.9872,4.0000,0.9989
102022,0,parti,hearts,1.9493,-2.0000,0.9873
102024,0,ulti,bells,3.9768,4.0000,0.9981
102029,1,,,0.0000,0.0000,0.0000
102027,0,parti,leaves,0.6031,-1.0000,0.8016
102025,0,ulti,bells,3.7484,4.0000,0.9790
102028,0,parti,hearts,1.7905,-2.0000,0.9476
102031,0,ulti,leaves,0.3799,-8.0000,0.6983
102026,0,ulti,bells,3.9947,4.0000,0.9996
102019,0,ulti,hearts,7.9502,8.0000,0.9979
102030,0,ulti,bells,3.9349,4.0000,0.9946
102032,0,ulti,bells,3.9723,4.0000,0.9977
102036,0,ulti,hearts,6.9728,8.0000,0.9572
102033,0,ulti,hearts,6.2900,8.0000,0.9287
102039,0,ulti,acorns,3.9258,-8.0000,0.9938
102038,0,parti,hearts,1.9933,-2.0000,0.9983
102035,0,parti,hearts,0.8543,-2.0000,0.7136
102041,0,ulti,leaves,0.8450,-8.0000,0.7371
102040,0,parti,hearts,1.4381,-2.0000,0.8595
102034,0,ulti,acorns,3.8610,4.0000,0.9884
102037,0,ulti,bells,3.9619,4.0000,0.9968
102044,1,,,0.0000,0.0000,0.0000
102042,0,ulti,bells,2.2338,4.0000,0.8528
102043,0,ulti,acorns,1.7249,4.0000,0.8104
102050,0,ulti,hearts,4.0154,-16.0000,0.8340
102048,0,ulti,leaves,1.0803,-8.0000,0.7567
102046,0,ulti,hearts,7.7774,8.0000,0.9907
102053,0,ulti,hearts,1.2506,8.0000,0.7188
102047,0,ulti,acorns,3.4504,4.0000,0.9542
102049,0,ulti,acorns,3.9418,4.0000,0.9951
102051,0,ulti,bells,3.8265,4.0000,0.9855
102045,0,parti,leaves,0.7364,1.0000,0.8682
102054,0,ulti,leaves,3.9554,4.0000,0.9963
102055,0,parti,hearts,1.9068,2.0000,0.9767
102057,1,,,0.0000,0.0000,0.0000
102061,1,,,0.0000,0.0000,0.0000
102052,0,parti,bells,0.4906,1.0000,0.7453
102058,0,parti,bells,0.5975,-1.0000,0.7987
102062,0,ulti,acorns,2.8667,4.0000,0.9056
102056,0,ulti,acorns,3.7800,4.0000,0.9817
102065,1,,,0.0000,0.0000,0.0000
102063,0,parti,hearts,1.9958,2.0000,0.9989
102064,0,parti,bells,0.9997,1.0000,0.9999
102067,0,ulti,hearts,3.4963,8.0000,0.8123
102066,0,ulti,bells,3.1614,-8.0000,0.9301
102068,0,parti,bells,0.2778,-1.0000,0.6389
102073,1,,,0.0000,0.0000,0.0000
102071,0,ulti,hearts,2.3616,8.0000,0.7651
102072,0,ulti,bells,3.9812,4.0000,0.9984
102070,0,parti,leaves,0.4044,-1.0000,0.7022
102076,1,,,0.0000,0.0000,0.0000
102059,0,ulti,leaves,3.9921,4.0000,0.9993
102078,0,ulti,acorns,2.0392,-8.0000,0.8366
102079,1,,,0.0000,0.0000,0.0000
102060,0,ulti,acorns,3.9994,4.0000,1.0000
102074,0,parti,hearts,1.9434,2.0000,0.9859
102080,0,ulti,acorns,3.8794,4.0000,0.9900
102077,0,ulti,bells,3.9970,4.0000,0.9997
102075,0,parti,leaves,0.7460,1.0000,0.8730
102082,1,,,0.0000,0.0000,0.0000
102081,0,ulti,hearts,5.4234,-16.0000,0.8926
102083,0,betli,,0.4106,-5.0000,0.5411
102069,0,parti,hearts,1.6915,2.0000,0.9229
102086,1,,,0.0000,0.0000,0.0000
102084,0,ulti,hearts,7.9111,8.0000,0.9963
102085,0,ulti,bells,2.8474,-8.0000,0.9040
102093,1,,,0.0000,0.0000,0.0000
102087,0,ulti,acorns,3.9865,4.0000,0.9989
102088,0,ulti,leaves,3.6697,4.0000,0.9725
102092,0,ulti,acorns,1.4076,-8.0000,0.7840
102096,1,,,0.0000,0.0000,0.0000
102094,0,ulti,acorns,3.0165,4.0000,0.9180
102090,0,ulti,hearts,7.5618,8.0000,0.9817
102100,1,,,0.0000,0.0000,0.0000
102091,0,parti,hearts,1.8377,2.0000,0.9594
102089,0,parti,bells,0.9875,1.0000,0.9938
102097,0,parti,bells,0.9992,1.0000,0.9996
102099,0,ulti,leaves,2.3882,-8.0000,0.8657
102102,1,,,0.0000,0.0000,0.0000
102095,0,ulti,leaves,3.0453,4.0000,0.9204
102101,0,parti,acorns,0.1457,1.0000,0.5728
102106,1,,,0.0000,0.0000,0.0000
102103,0,ulti,hearts,3.1117,8.0000,0.7963
102111,1,,,0.0000,0.0000,0.0000
102105,0,parti,bells,0.8429,1.0000,0.9214
102098,0,parti,acorns,0.9277,1.0000,0.9638
102109,0,parti,acorns,0.6462,-1.0000,0.8231
102113,1,,,0.0000,0.0000,0.0000
102112,0,parti,bells,0.9793,1.0000,0.9896
102108,0,ulti,acorns,3.7253,4.0000,0.9771
102117,1,,,0.0000,0.0000,0.0000
102110,0,parti,bells,0.7575,-1.0000,0.8788
102119,1,,,0.0000,0.0000,0.0000
102115,0,parti,hearts,1.5107,2.0000,0.8777
102116,0,parti,acorns,0.7455,1.0000,0.8727
102104,0,ulti,hearts,7.9687,8.0000,0.9987
102114,0,ulti,hearts,7.9886,8.0000,0.9995
102121,0,ulti,hearts,4.7522,-16.0000,0.8647
102124,0,ulti,hearts,7.2629,8.0000,0.9693
102125,0,ulti,hearts,2.8234,-16.0000,0.7843
102126,0,ulti,bells,0.5960,4.0000,0.7163
102127,0,ulti,hearts,7.3924,8.0000,0.9747
102122,0,parti,hearts,1.4787,-2.0000,0.8697
102128,0,ulti,bells,0.5305,-8.0000,0.7109
102120,0,ulti,bells,3.9985,4.0000,0.9999
102118,0,ulti,leaves,3.9956,4.0000,0.9996
102130,1,,,0.0000,0.0000,0.0000
102129,0,parti,hearts,1.3603,-2.0000,0.8401
102123,0,ulti,hearts,7.9982,8.0000,0.9999
102132,0,ulti,bells,3.9816,4.0000,0.9985
102136,1,,,0.0000,0.0000,0.0000
102131,0,ulti,acorns,3.7864,4.0000,0.9822
102135,0,ulti,bells,2.5450,-8.0000,0.8787
102137,0,ulti,acorns,3.6477,4.0000,0.9706
102133,0,ulti,leaves,3.3174,4.0000,0.9431
102140,0,ulti,leaves,2.0754,-8.0000,0.8396
102139,0,ulti,leaves,1.9792,4.0000,0.8316
102107,0,ulti,hearts,7.9231,8.0000,0.9968
102141,0,parti,leaves,0.5605,-1.0000,0.7803
102144,1,,,0.0000,0.0000,0.0000
102145,1,,,0.0000,0.0000,0.0000
102142,0,parti,bells,0.8230,1.0000,0.9115
102147,1,,,0.0000,0.0000,0.0000
102143,0,ulti,leaves,3.0117,4.0000,0.9176
102148,1,,,0.0000,0.0000,0.0000
102146,0,ulti,bells,3.9436,4.0000,0.9953
102150,0,ulti,hearts,4.6761,-16.0000,0.8615
102151,0,parti,acorns,0.1645,-1.0000,0.5823
102138,0,parti,hearts,1.9913,2.0000,0.9978
102155,1,,,0.0000,0.0000,0.0000
102152,0,ulti,bells,3.8980,4.0000,0.9915
102156,1,,,0.0000,0.0000,0.0000
102154,0,ulti,hearts,7.4714,8.0000,0.9780
102157,0,ulti,acorns,3.8955,4.0000,0.9913
102158,1,,,0.0000,0.0000,0.0000
102159,0,parti,acorns,0.0372,1.0000,0.5186
102160,0,parti,hearts,1.2818,2.0000,0.8205
102161,1,,,0.0000,0.0000,0.0000
102164,0,ulti,hearts,7.2809,8.0000,0.9700
102134,0,ulti,leaves,3.8667,4.0000,0.9889
102162,0,parti,hearts,1.5365,-2.0000,0.8841
102163,0,ulti,hearts,7.9998,8.0000,1.0000
102165,0,ulti,acorns,1.3099,-8.0000,0.7758
102167,0,parti,leaves,0.0832,-1.0000,0.5416
102168,0,ulti,bells,1.0192,-8.0000,0.7516
102171,1,,,0.0000,0.0000,0.0000
102169,0,ulti,acorns,3.7839,4.0000,0.9820
102173,0,parti,hearts,0.5672,-2.0000,0.6418
102175,0,ulti,hearts,7.0018,8.0000,0.9584
102176,0,ulti,leaves,3.3672,4.0000,0.9473
102170,0,ulti,hearts,7.9081,8.0000,0.9962
102174,0,ulti,acorns,3.9620,4.0000,0.9968
102172,0,ulti,acorns,3.9454,4.0000,0.9955
102177,0,parti,leaves,0.0594,-1.0000,0.5297
102178,0,ulti,leaves,1.8066,-8.0000,0.8172
102180,1,,,0.0000,0.0000,0.0000
102153,0,ulti,acorns,3.9914,4.0000,0.9993
102149,0,parti,hearts,1.9002,2.0000,0.9751
102183,0,ulti,acorns,2.7204,-8.0000,0.8934
102182,0,ulti,hearts,6.7607,8.0000,0.9484
102184,0,parti,hearts,1.9998,2.0000,0.9999
102181,0,parti,acorns,0.3550,-1.0000,0.6775
102166,0,ulti,bells,3.9784,4.0000,0.9982
102179,0,parti,bells,0.4778,1.0000,0.7389
102187,0,parti,hearts,1.9246,2.0000,0.9811
102186,0,betli,,3.2538,-5.0000,0.8254
102185,0,parti,leaves,0.9995,1.0000,0.9997
102188,0,parti,hearts,1.6610,-2.0000,0.9152
102193,1,,,0.0000,0.0000,0.0000
102189,0,ulti,hearts,7.9356,8.0000,0.9973
102190,0,ulti,acorns,3.9752,4.0000,0.9979
102192,0,ulti,bells,3.7884,4.0000,0.9824
102191,0,parti,hearts,1.1998,2.0000,0.7999
102196,0,ulti,acorns,3.9561,4.0000,0.9963
102194,0,parti,acorns,0.3879,1.0000,0.6939
102195,0,ulti,hearts,6.0692,8.0000,0.9196
102198,0,ulti,acorns,2.7762,4.0000,0.8980
102197,0,ulti,acorns,3.7875,4.0000,0.9823
102201,0,ulti,acorns,0.4180,4.0000,0.7015
102200,0,ulti,leaves,1.0481,4.0000,0.7540
102202,0,ulti,acorns,3.0079,4.0000,0.9173
102204,0,parti,acorns,0.1754,-1.0000,0.5877
102203,0,parti,hearts,1.8825,-2.0000,0.9706
102207,1,,,0.0000,0.0000,0.0000
102199,0,parti,bells,0.2260,-1.0000,0.6130
102206,0,parti,hearts,1.9673,2.0000,0.9918
102209,0,ulti,leaves,0.8991,-8.0000,0.7416
102213,1,,,0.0000,0.0000,0.0000
102214,1,,,0.0000,0.0000,0.0000
102212,0,ulti,acorns,3.2061,4.0000,0.9338
102211,0,parti,hearts,0.4122,2.0000,0.6030
102216,0,parti,bells,0.3702,-1.0000,0.6851
102217,1,,,0.0000,0.0000,0.0000
102215,0,parti,hearts,1.9449,-2.0000,0.9862
102205,0,parti,leaves,0.9760,-1.0000,0.9880
102208,0,parti,leaves,0.1813,-1.0000,0.5906
102218,0,ulti,acorns,1.9134,-8.0000,0.8261
102219,0,ulti,leaves,0.5861,-8.0000,0.7155
102222,1,,,0.0000,0.0000,0.0000
102221,0,ulti,bells,3.5768,-8.0000,0.9647
102220,0,ulti,acorns,3.9589,4.0000,0.9966
102223,0,ulti,bells,3.9900,4.0000,0.9992
102225,0,parti,hearts,1.9957,2.0000,0.9989
102227,0,ulti,leaves,3.9479,4.0000,0.9957
102224,0,ulti,bells,3.8831,4.0000,0.9903
102230,0,ulti,acorns,3.1655,-8.0000,0.9305
102229,0,ulti,leaves,3.3396,4.0000,0.9450
102228,0,ulti,acorns,3.2160,4.0000,0.9347
102232,0,ulti,hearts,7.9869,8.0000,0.9995
102231,0,ulti,leaves,3.9464,4.0000,0.9955
102235,0,ulti,acorns,2.2141,-8.0000,0.8512
102233,0,parti,hearts,1.9986,2.0000,0.9996
102237,0,ulti,hearts,6.6559,-16.0000,0.9440
102239,0,ulti,acorns,3.3814,4.0000,0.9485
102241,1,,,0.0000,0.0000,0.0000
102236,0,parti,bells,0.0707,-1.0000,0.5353
102242,0,parti,hearts,0.6263,-2.0000,0.6566
102238,0,ulti,leaves,3.9713,4.0000,0.9976
102244,0,betli,,4.6561,-5.0000,0.9656
102245,1,,,0.0000,0.0000,0.0000
102210,0,parti,hearts,1.9770,2.0000,0.9943
102243,0,parti,hearts,1.7003,-2.0000,0.9251
102246,0,ulti,bells,2.4421,-8.0000,0.8702
102247,0,ulti,acorns,3.6720,4.0000,0.9727
102248,1,,,0.0000,0.0000,0.0000
102249,1,,,0.0000,0.0000,0.0000
102226,0,ulti,leaves,3.9003,4.0000,0.9917
102250,0,ulti,acorns,3.7864,4.0000,0.9822
102251,0,parti,bells,0.0992,-1.0000,0.5496
102254,0,ulti,hearts,2.6503,8.0000,0.7771
102252,0,ulti,hearts,5.3386,8.0000,0.8891
102240,0,ulti,bells,3.7632,4.0000,0.9803
102253,0,parti,hearts,1.4805,-2.0000,0.8701
102234,0,ulti,leaves,3.9997,4.0000,1.0000
102259,1,,,0.0000,0.0000,0.0000
102260,1,,,0.0000,0.0000,0.0000
102256,0,parti,hearts,1.9395,-2.0000,0.9849
102257,0,parti,hearts,1.7801,-2.0000,0.9450
102261,1,,,0.0000,0.0000,0.0000
102255,0,parti,bells,0.2243,-1.0000,0.6121
102258,0,parti,hearts,0.0949,-2.0000,0.5237
102262,1,,,0.0000,0.0000,0.0000
102265,0,ulti,leaves,3.6515,4.0000,0.9710
102264,0,ulti,acorns,3.1810,-8.0000,0.9317
102269,1,,,0.0000,0.0000,0.0000
102263,0,ulti,acorns,3.0543,4.0000,0.9212
102267,0,parti,bells,0.6369,-1.0000,0.8185
102266,0,ulti,acorns,3.6668,-8.0000,0.9722
102268,0,parti,hearts,1.9998,2.0000,0.9999
102270,0,ulti,acorns,3.3343,4.0000,0.9445
102272,1,,,0.0000,0.0000,0.0000
102271,0,ulti,acorns,3.9988,4.0000,0.9999
102276,1,,,0.0000,0.0000,0.0000
102275,0,durchmars,,4.1250,6.0000,0.8438
102274,0,ulti,acorns,3.7399,4.0000,0.9783
102273,0,parti,leaves,0.5340,-1.0000,0.7670
102277,0,parti,hearts,1.9857,2.0000,0.9964
102280,0,parti,leaves,0.6098,1.0000,0.8049
102279,0,ulti,leaves,3.6902,4.0000,0.9742
102278,0,ulti,acorns,3.9738,4.0000,0.9978
102282,0,ulti,acorns,1.1002,4.0000,0.7584
102281,0,parti,hearts,1.5266,2.0000,0.8817
102285,1,,,0.0000,0.0000,0.0000
102284,0,ulti,leaves,1.8199,4.0000,0.8183
102283,0,ulti,leaves,3.0802,4.0000,0.9233
102288,1,,,0.0000,0.0000,0.0000
102286,0,ulti,leaves,3.3897,4.0000,0.9491
102289,1,,,0.0000,0.0000,0.0000
102291,0,ulti,leaves,3.8298,4.0000,0.9858
102292,0,ulti,hearts,7.2730,8.0000,0.9697
102290,0,ulti,acorns,3.3407,4.0000,0.9451
102287,0,ulti,acorns,3.7480,4.0000,0.9790
102295,0,ulti,hearts,4.2558,8.0000,0.8440
102293,0,ulti,bells,3.2598,4.0000,0.9383
102296,1,,,0.0000,0.0000,0.0000
102294,0,ulti,hearts,2.4715,8.0000,0.7696
102302,1,,,0.0000,0.0000,0.0000
102297,0,ulti,leaves,3.9970,4.0000,0.9998
102300,0,ulti,leaves,1.6571,-8.0000,0.8048
102299,0,ulti,hearts,7.8827,8.0000,0.9951
102304,0,parti,acorns,0.8842,1.0000,0.9421
102309,1,,,0.0000,0.0000,0.0000
102298,0,ulti,leaves,3.9994,4.0000,1.0000
102306,0,ulti,hearts,7.2644,8.0000,0.9693
102303,0,parti,leaves,0.4767,1.0000,0.7384
102305,0,ulti,leaves,3.2745,4.0000,0.9395
102308,0,parti,leaves,0.6494,1.0000,0.8247
102307,0,parti,bells,0.9790,1.0000,0.9895
102310,1,,,0.0000,0.0000,0.0000
102311,0,ulti,leaves,1.8988,4.0000,0.8249
102314,0,ulti,leaves,2.9671,-8.0000,0.9139
102301,0,ulti,acorns,3.9038,4.0000,0.9920
102316,1,,,0.0000,0.0000,0.0000
102312,0,ulti,hearts,6.9766,8.0000,0.9574
102315,0,ulti,leaves,1.2471,-8.0000,0.7706
102313,0,parti,hearts,1.7178,-2.0000,0.9294
102321,0,betli,,3.2871,-5.0000,0.8287
102322,0,ulti,leaves,1.3431,-8.0000,0.7786
102317,0,parti,hearts,1.9881,2.0000,0.9970
102320,0,parti,hearts,1.4373,2.0000,0.8593
102323,0,ulti,hearts,7.8644,8.0000,0.9943
102325,1,,,0.0000,0.0000,0.0000
102324,0,parti,hearts,1.9655,2.0000,0.9914
102327,0,ulti,bells,1.8185,4.0000,0.8182
102326,0,ulti,bells,1.8314,-8.0000,0.8193
102330,1,,,0.0000,0.0000,0.0000
102318,0,parti,acorns,0.5819,1.0000,0.7910
102329,0,ulti,bells,2.8452,4.0000,0.9038
102328,0,ulti,acorns,3.4420,4.0000,0.9535
102336,1,,,0.0000,0.0000,0.0000
102335,0,ulti,hearts,3.9134,8.0000,0.8297
102319,0,ulti,hearts,7.9242,8.0000,0.9968
102333,0,ulti,leaves,3.3925,-8.0000,0.9494
102332,0,ulti,acorns,3.7514,4.0000,0.9793
102337,1,,,0.0000,0.0000,0.0000
102331,0,parti,acorns,0.5773,1.0000,0.7886
102334,0,ulti,leaves,2.6163,-8.0000,0.8847
102338,1,,,0.0000,0.0000,0.0000
102339,0,ulti,hearts,5.5056,8.0000,0.8961
102340,0,ulti,bells,1.1331,-8.0000,0.7611
102341,0,ulti,leaves,0.6342,-8.0000,0.7195
102347,1,,,0.0000,0.0000,0.0000
102346,0,ulti,bells,2.1895,4.0000,0.8491
102344,0,ulti,hearts,7.7557,8.0000,0.9898
102349,0,ulti,acorns,2.9069,4.0000,0.9089
102348,0,ulti,bells,3.2948,4.0000,0.9412
102345,0,parti,bells,0.7822,1.0000,0.8911
102351,0,ulti,hearts,5.3313,8.0000,0.8888
102343,0,ulti,bells,3.9906,4.0000,0.9992
102342,0,ulti,hearts,7.8176,8.0000,0.9924
102353,1,,,0.0000,0.0000,0.0000
102350,0,parti,leaves,0.4663,-1.0000,0.7331
102352,0,ulti,leaves,3.9422,4.0000,0.9952
102355,0,ulti,bells,2.2842,-8.0000,0.8570
102354,0,ulti,bells,1.4324,-8.0000,0.7860
102357,0,ulti,hearts,6.3233,8.0000,0.9301
102358,0,ulti,bells,3.2565,4.0000,0.9380
102356,0,ulti,hearts,7.3592,-16.0000,0.9733
102360,0,ulti,hearts,6.8830,8.0000,0.9535
102363,1,,,0.0000,0.0000,0.0000
102359,0,ulti,hearts,7.7720,8.0000,0.9905
102361,0,parti,hearts,0.8945,-2.0000,0.7236
102362,0,ulti,hearts,7.3715,8.0000,0.9738
102366,1,,,0.0000,0.0000,0.0000
102364,0,parti,hearts,1.4301,-2.0000,0.8575
102365,0,parti,hearts,0.0997,-2.0000,0.5249
102372,0,ulti,leaves,3.0250,-8.0000,0.9187
102367,0,ulti,leaves,3.0239,4.0000,0.9187
102373,1,,,0.0000,0.0000,0.0000
102369,0,parti,leaves,0.7991,1.0000,0.8995
102370,0,ulti,bells,3.9555,4.0000,0.9963
102371,0,parti,acorns,0.9715,1.0000,0.9858
102376,0,ulti,hearts,3.2289,8.0000,0.8012
102374,0,ulti,bells,2.4438,4.0000,0.8703
102377,0,ulti,acorns,2.5056,-8.0000,0.8755
102368,0,ulti,hearts,7.8217,8.0000,0.9926
102382,1,,,0.0000,0.0000,0.0000
102379,0,ulti,bells,2.9215,-8.0000,0.9101
102381,0,ulti,leaves,2.2973,-8.0000,0.8581
102378,0,parti,leaves,0.3814,-1.0000,0.6907
102375,0,parti,acorns,0.5708,1.0000,0.7854
102383,0,parti,bells,0.4891,1.0000,0.7446
102380,0,ulti,acorns,3.7154,4.0000,0.9763
102385,0,ulti,hearts,5.2776,8.0000,0.8866
102384,0,ulti,hearts,6.7604,8.0000,0.9483
102387,0,durchmars,,4.5000,6.0000,0.8750
102388,0,ulti,hearts,4.7477,8.0000,0.8645
102386,0,ulti,acorns,3.9556,4.0000,0.9963
102389,1,,,0.0000,0.0000,0.0000
102390,0,parti,hearts,1.0823,2.0000,0.7706
102391,0,parti,hearts,1.9991,2.0000,0.9998
102393,0,ulti,hearts,7.1906,8.0000,0.9663
102392,0,parti,bells,0.0231,-1.0000,0.5115
102400,1,,,0.0000,0.0000,0.0000
102396,0,parti,hearts,1.7003,-2.0000,0.9251
102395,0,parti,bells,0.7704,1.0000,0.8852
102399,0,ulti,bells,3.8855,4.0000,0.9905
102397,0,ulti,hearts,6.6440,-16.0000,0.9435
102398,0,parti,leaves,0.3331,1.0000,0.6665
102403,0,ulti,hearts,7.9883,8.0000,0.9995
102402,0,ulti,bells,2.7054,4.0000,0.8921
102401,0,parti,bells,0.1043,-1.0000,0.5521
102394,0,parti,acorns,0.6639,1.0000,0.8319
102405,0,parti,acorns,0.9825,1.0000,0.9913
102404,0,ulti,leaves,3.8673,4.0000,0.9889
102409,1,,,0.0000,0.0000,0.0000
102408,0,ulti,leaves,1.5198,-8.0000,0.7933
102407,0,parti,bells,0.2123,-1.0000,0.6062
102406,0,ulti,hearts,7.9186,8.0000,0.9966
102411,0,ulti,bells,2.9072,-8.0000,0.9089
102412,0,parti,hearts,1.9924,2.0000,0.9981
102410,0,parti,bells,0.2085,-1.0000,0.6043
102413,0,parti,bells,0.2536,1.0000,0.6268
102414,0,ulti,hearts,3.8548,8.0000,0.8273
102415,0,parti,hearts,1.6778,2.0000,0.9194
102417,1,,,0.0000,0.0000,0.0000
102416,0,ulti,hearts,6.9600,8.0000,0.9567
102420,1,,,0.0000,0.0000,0.0000
102418,0,ulti,bells,1.8610,4.0000,0.8217
102419,0,ulti,acorns,3.9924,4.0000,0.9994
102421,0,parti,leaves,0.5061,-1.0000,0.7531
102424,0,ulti,leaves,0.5207,-8.0000,0.7101
102422,0,ulti,leaves,1.0864,-8.0000,0.7572
102423,0,ulti,leaves,2.8585,-8.0000,0.9049
102425,0,ulti,hearts,7.8902,8.0000,0.9954
102426,0,ulti,hearts,4.3140,-16.0000,0.8464
102427,0,ulti,bells,0.8932,-8.0000,0.7411
102428,0,parti,hearts,0.8788,2.0000,0.7197
102429,0,ulti,bells,1.8779,-8.0000,0.8232
102435,1,,,0.0000,0.0000,0.0000
102434,0,ulti,bells,3.4038,4.0000,0.9503
102436,0,ulti,leaves,3.4912,4.0000,0.9576
102431,0,parti,hearts,0.6715,2.0000,0.6679
102437,0,ulti,acorns,3.6014,-8.0000,0.9668
102440,1,,,0.0000,0.0000,0.0000
102433,0,ulti,bells,3.4346,4.0000,0.9529
102438,0,ulti,leaves,2.3212,4.0000,0.8601
102432,0,parti,hearts,1.6001,2.0000,0.9000
102442,1,,,0.0000,0.0000,0.0000
102439,0,ulti,acorns,3.9897,4.0000,0.9991
102430,0,parti,bells,0.5761,1.0000,0.7881
102441,0,ulti,leaves,3.7419,4.0000,0.9785
102443,0,ulti,hearts,7.5797,-16.0000,0.9825
102445,0,ulti,leaves,1.7484,-8.0000,0.8124
102447,0,ulti,bells,3.9182,4.0000,0.9932
102450,1,,,0.0000,0.0000,0.0000
102444,0,parti,acorns,0.9689,1.0000,0.9845
102451,1,,,0.0000,0.0000,0.0000
102448,0,ulti,acorns,3.2260,-8.0000,0.9355
102446,0,parti,leaves,0.6913,-1.0000,0.8457
102452,0,ulti,acorns,1.4672,-8.0000,0.7889
102449,0,parti,acorns,0.8171,-1.0000,0.9085
102455,0,ulti,hearts,7.3497,-16.0000,0.9729
102458,0,ulti,acorns,1.5236,4.0000,0.7936
102456,0,ulti,leaves,3.4520,4.0000,0.9543
102461,0,betli,,1.9505,-5.0000,0.6950
102460,0,betli,,3.2943,-5.0000,0.8294
102457,0,ulti,bells,3.2335,4.0000,0.9361
102454,0,ulti,leaves,3.6913,4.0000,0.9743
102462,1,,,0.0000,0.0000,0.0000
102459,0,parti,leaves,0.3797,-1.0000,0.6898
102464,1,,,0.0000,0.0000,0.0000
102453,0,ulti,bells,3.9469,4.0000,0.9956
102467,1,,,0.0000,0.0000,0.0000
102463,0,parti,hearts,1.9587,2.0000,0.9897
102469,1,,,0.0000,0.0000,0.0000
102468,0,parti,bells,0.9851,1.0000,0.9925
102470,1,,,0.0000,0.0000,0.0000
102466,0,ulti,leaves,2.1868,4.0000,0.8489
102465,0,parti,hearts,0.6999,-2.0000,0.6750
102472,0,ulti,acorns,2.8637,4.0000,0.9053
102475,1,,,0.0000,0.0000,0.0000
102473,0,ulti,hearts,4.0267,8.0000,0.8344
102474,0,ulti,hearts,7.9608,8.0000,0.9984
102471,0,parti,hearts,1.9782,2.0000,0.9946
102477,0,ulti,bells,2.2710,4.0000,0.8559
102479,0,parti,hearts,1.9635,-2.0000,0.9909
102481,0,betli,,4.5822,5.0000,0.9582
102478,0,ulti,hearts,7.7263,8.0000,0.9886
102482,0,ulti,leaves,3.3900,4.0000,0.9492
102484,0,ulti,hearts,2.4467,-16.0000,0.7686
102483,0,ulti,acorns,1.6031,-8.0000,0.8003
102485,1,,,0.0000,0.0000,0.0000
102480,0,parti,hearts,1.7222,2.0000,0.9305
102487,1,,,0.0000,0.0000,0.0000
102476,0,parti,hearts,1.7130,2.0000,0.9282
102492,1,,,0.0000,0.0000,0.0000
102486,0,ulti,bells,3.5900,4.0000,0.9658
102490,0,ulti,bells,3.7776,4.0000,0.9815
102491,0,parti,bells,0.5691,1.0000,0.7845
102493,0,ulti,leaves,2.6453,-8.0000,0.8871
102494,0,ulti,acorns,3.8340,4.0000,0.9862
102496,0,ulti,leaves,3.8802,4.0000,0.9900
102499,0,parti,hearts,0.6463,-2.0000,0.6616
102500,0,parti,hearts,1.9988,2.0000,0.9997
102497,0,parti,hearts,0.2483,2.0000,0.5621
102495,0,parti,leaves,0.3277,-1.0000,0.6639
102498,0,parti,hearts,1.5295,2.0000,0.8824
102503,1,,,0.0000,0.0000,0.0000
102501,0,ulti,acorns,3.9926,4.0000,0.9994
102502,0,parti,hearts,1.9906,2.0000,0.9977
102504,0,ulti,leaves,3.6687,4.0000,0.9724
102505,0,ulti,acorns,3.7704,-8.0000,0.9809
102508,0,ulti,acorns,1.4201,-8.0000,0.7850
102509,1,,,0.0000,0.0000,0.0000
102511,0,ulti,leaves,3.3161,4.0000,0.9430
102512,0,ulti,leaves,2.9832,4.0000,0.9153
102514,1,,,0.0000,0.0000,0.0000
102489,0,ulti,hearts,7.9684,8.0000,0.9987
102506,0,ulti,leaves,3.9974,4.0000,0.9998
102513,0,ulti,bells,3.2467,4.0000,0.9372
102510,0,ulti,leaves,3.7355,-8.0000,0.9780
102507,0,ulti,hearts,7.2593,8.0000,0.9691
102516,1,,,0.0000,0.0000,0.0000
102517,1,,,0.0000,0.0000,0.0000
102518,1,,,0.0000,0.0000,0.0000
102523,1,,,0.0000,0.0000,0.0000
102522,0,ulti,bells,3.1886,4.0000,0.9324
102524,0,ulti,bells,1.4858,4.0000,0.7905
102525,0,ulti,bells,0.2216,-8.0000,0.6851
102519,0,ulti,leaves,3.5751,4.0000,0.9646
102521,0,ulti,leaves,3.7346,4.0000,0.9779
102488,0,ulti,bells,3.9663,4.0000,0.9972
102528,1,,,0.0000,0.0000,0.0000
102530,1,,,0.0000,0.0000,0.0000
102527,0,parti,leaves,0.2860,1.0000,0.6430
102534,1,,,0.0000,0.0000,0.0000
102533,0,ulti,hearts,2.1299,-16.0000,0.7554
102531,0,ulti,hearts,2.1912,8.0000,0.7580
102529,0,ulti,bells,3.0172,4.0000,0.9181
102526,0,ulti,hearts,7.9772,8.0000,0.9990
102532,0,parti,hearts,1.9914,2.0000,0.9978
102520,0,ulti,acorns,3.9908,4.0000,0.9992
102539,1,,,0.0000,0.0000,0.0000
102535,0,ulti,bells,1.1698,4.0000,0.7642
102537,0,ulti,leaves,2.1758,4.0000,0.8480
102536,0,parti,acorns,0.9997,1.0000,0.9998
102515,0,ulti,bells,3.9931,4.0000,0.9994
102543,0,ulti,hearts,4.7748,8.0000,0.8656
102538,0,parti,hearts,1.4174,2.0000,0.8543
102541,0,ulti,acorns,2.7980,4.0000,0.8998
102540,0,ulti,bells,3.6791,4.0000,0.9733
102545,0,betli,,4.8751,5.0000,0.9875
102542,0,ulti,leaves,3.5065,4.0000,0.9589
102544,0,ulti,hearts,5.8175,8.0000,0.9091
102546,0,parti,hearts,1.9993,2.0000,0.9998
102549,0,ulti,acorns,3.0426,4.0000,0.9202
102548,0,ulti,leaves,3.2082,-8.0000,0.9340
102547,0,parti,hearts,0.3453,-2.0000,0.5863
102550,0,betli,,0.2013,-5.0000,0.5201
102553,1,,,0.0000,0.0000,0.0000
102552,1,,,0.0000,0.0000,0.0000
102554,0,ulti,leaves,2.9082,4.0000,0.9090
102551,0,ulti,bells,3.9488,4.0000,0.9957
102556,0,ulti,hearts,7.3880,8.0000,0.9745
102555,0,ulti,bells,0.9014,-8.0000,0.7418
102558,1,,,0.0000,0.0000,0.0000
102557,0,ulti,hearts,7.3344,8.0000,0.9723
102559,0,parti,hearts,1.9575,2.0000,0.9894
102560,0,ulti,hearts,7.5334,8.0000,0.9806
102565,0,ulti,acorns,2.2516,4.0000,0.8543
102564,0,ulti,hearts,7.2105,8.0000,0.9671
102566,0,ulti,hearts,3.8913,-16.0000,0.8288
102567,0,ulti,bells,2.7669,4.0000,0.8972
102561,0,parti,hearts,0.4474,-2.0000,0.6118
102568,0,ulti,hearts,6.6824,-16.0000,0.9451
102572,1,,,0.0000,0.0000,0.0000
102570,0,ulti,leaves,2.0412,-8.0000,0.8368
102571,0,parti,hearts,0.1723,-2.0000,0.5431
102574,1,,,0.0000,0.0000,0.0000
102578,1,,,0.0000,0.0000,0.0000
102562,0,parti,leaves,0.4587,-1.0000,0.7293
102569,0,ulti,acorns,3.4494,4.0000,0.9541
102573,0,ulti,leaves,3.5656,4.0000,0.9638
102575,0,ulti,bells,3.7516,4.0000,0.9793
102576,0,ulti,bells,2.1954,4.0000,0.8496
102580,1,,,0.0000,0.0000,0.0000
102583,1,,,0.0000,0.0000,0.0000
102577,0,ulti,bells,2.7946,4.0000,0.8996
102563,0,ulti,acorns,3.9384,4.0000,0.9949
102582,0,ulti,bells,1.9478,4.0000,0.8290
102581,0,parti,acorns,0.4818,-1.0000,0.7409
102579,0,parti,acorns,0.5733,1.0000,0.7867
102586,0,ulti,hearts,3.1471,8.0000,0.7978
102585,0,parti,hearts,1.9591,2.0000,0.9898
102587,0,ulti,acorns,2.7638,4.0000,0.8970
102593,1,,,0.0000,0.0000,0.0000
102589,0,parti,hearts,1.3077,-2.0000,0.8269
102591,0,ulti,bells,3.9896,4.0000,0.9991
102590,0,ulti,leaves,3.4029,4.0000,0.9502
102594,0,parti,hearts,0.4662,2.0000,0.6165
102592,0,parti,leaves,0.9864,1.0000,0.9932
102588,0,parti,bells,0.5738,1.0000,0.7869
102599,1,,,0.0000,0.0000,0.0000
102600,1,,,0.0000,0.0000,0.0000
102597,0,ulti,bells,3.0401,4.0000,0.9200
102595,0,parti,hearts,0.0335,-2.0000,0.5084
102596,0,ulti,bells,3.3104,4.0000,0.9425
102601,0,ulti,bells,3.2797,4.0000,0.9400
102584,0,ulti,leaves,3.8467,4.0000,0.9872
102598,0,ulti,leaves,3.1093,4.0000,0.9258
102603,0,parti,hearts,1.9995,2.0000,0.9999
102604,0,ulti,leaves,3.6217,4.0000,0.9685
102606,1,,,0.0000,0.0000,0.0000
102605,0,ulti,acorns,2.6482,-8.0000,0.8874
102607,1,,,0.0000,0.0000,0.0000
102608,1,,,0.0000,0.0000,0.0000
102610,1,,,0.0000,0.0000,0.0000
102611,0,ulti,acorns,2.5593,4.0000,0.8799
102614,1,,,0.0000,0.0000,0.0000
102602,0,parti,acorns,0.9921,1.0000,0.9960
102609,0,parti,hearts,0.5310,-2.0000,0.6327
102613,0,ulti,leaves,3.6572,4.0000,0.9714
102618,1,,,0.0000,0.0000,0.0000
102615,0,parti,hearts,1.8867,2.0000,0.9717
102619,1,,,0.0000,0.0000,0.0000
102616,0,parti,bells,0.9994,1.0000,0.9997
102620,0,parti,hearts,1.9948,2.0000,0.9987
102623,1,,,0.0000,0.0000,0.0000
102626,1,,,0.0000,0.0000,0.0000
102617,0,parti,leaves,0.9219,1.0000,0.9609
102625,0,durchmars,,6.0000,6.0000,1.0000
102624,0,parti,hearts,1.8597,-2.0000,0.9649
102627,0,ulti,leaves,1.8390,-8.0000,0.8199
102621,0,ulti,leaves,3.9117,4.0000,0.9926
102622,0,parti,bells,0.9771,1.0000,0.9886
102630,0,ulti,hearts,7.4989,8.0000,0.9791
102629,0,ulti,bells,3.3063,4.0000,0.9422
102631,0,parti,acorns,0.2290,-1.0000,0.6145
102632,0,betli,,4.9113,5.0000,0.9911
102628,0,parti,hearts,1.5983,2.0000,0.8996
102634,1,,,0.0000,0.0000,0.0000
102633,0,betli,,1.4810,-5.0000,0.6481
102612,0,ulti,bells,3.9692,4.0000,0.9974
102638,1,,,0.0000,0.0000,0.0000
102636,0,ulti,leaves,0.5285,4.0000,0.7107
102639,0,ulti,leaves,2.6070,4.0000,0.8839
102637,0,betli,,4.8449,-5.0000,0.9845
102635,0,parti,leaves,0.7892,-1.0000,0.8946
102641,0,ulti,acorns,0.8111,4.0000,0.7343
102644,1,,,0.0000,0.0000,0.0000
102643,0,ulti,acorns,2.5424,4.0000,0.8785
102640,0,parti,bells,0.9901,1.0000,0.9950
102642,0,ulti,leaves,3.7448,4.0000,0.9787
102645,0,durchmars,,1.8750,-6.0000,0.6562
102648,1,,,0.0000,0.0000,0.0000
102649,1,,,0.0000,0.0000,0.0000
102647,0,parti,hearts,1.7137,2.0000,0.9284
102646,0,ulti,bells,3.9857,4.0000,0.9988
102652,0,ulti,hearts,0.8392,8.0000,0.7016
102650,0,parti,bells,0.0502,-1.0000,0.5251
102653,0,parti,hearts,1.8184,2.0000,0.9546
102656,1,,,0.0000,0.0000,0.0000
102651,0,parti,acorns,0.9113,1.0000,0.9557
102655,0,parti,hearts,1.9931,-2.0000,0.9983
102654,0,ulti,acorns,3.5205,4.0000,0.9600
102657,0,ulti,leaves,1.5096,-8.0000,0.7925
102659,0,ulti,bells,0.8653,-8.0000,0.7388
102661,0,parti,hearts,1.7410,-2.0000,0.9353
102658,0,ulti,acorns,3.6449,4.0000,0.9704
102663,0,ulti,acorns,3.3712,4.0000,0.9476
102664,0,ulti,acorns,3.1839,4.0000,0.9320
102660,0,parti,bells,0.9749,1.0000,0.9875
102662,0,parti,hearts,1.8373,2.0000,0.9593
102666,0,parti,hearts,1.7583,-2.0000,0.9396
102665,0,ulti,leaves,3.9008,4.0000,0.9917
102669,1,,,0.0000,0.0000,0.0000
102668,0,ulti,bells,1.9227,-8.0000,0.8269
102667,0,parti,hearts,0.2793,-2.0000,0.5698
102670,0,parti,leaves,0.4562,-1.0000,0.7281
102672,0,parti,hearts,1.8808,2.0000,0.9702
102675,1,,,0.0000,0.0000,0.0000
102674,1,,,0.0000,0.0000,0.0000
102673,0,ulti,bells,0.6488,-8.0000,0.7207
102676,0,ulti,hearts,2.7787,-16.0000,0.7824
102671,0,ulti,hearts,7.9996,8.0000,1.0000
102677,0,ulti,bells,3.9420,4.0000,0.9952
102678,0,ulti,acorns,2.3151,4.0000,0.8596
102680,0,ulti,hearts,7.9992,8.0000,1.0000
102679,0,ulti,hearts,3.4780,-16.0000,0.8116
102682,1,,,0.0000,0.0000,0.0000
102681,0,ulti,leaves,2.9970,-8.0000,0.9164
102687,1,,,0.0000,0.0000,0.0000
102683,0,ulti,acorns,3.9987,4.0000,0.9999
102684,0,parti,acorns,0.9998,1.0000,0.9999
102689,1,,,0.0000,0.0000,0.0000
102685,0,parti,hearts,1.8430,-2.0000,0.9608
102686,0,ulti,hearts,6.9014,8.0000,0.9542
102688,0,ulti,hearts,7.8247,8.0000,0.9927
102690,0,ulti,leaves,3.3735,4.0000,0.9478
102693,1,,,0.0000,0.0000,0.0000
102696,1,,,0.0000,0.0000,0.0000
102699,1,,,0.0000,0.0000,0.0000
102695,0,parti,hearts,1.5300,-2.0000,0.8825
102692,0,ulti,hearts,7.9300,8.0000,0.9971
102691,0,parti,acorns,0.4005,1.0000,0.7002
102702,1,,,0.0000,0.0000,0.0000
102700,0,betli,,1.8344,5.0000,0.6834
102703,1,,,0.0000,0.0000,0.0000
102697,0,parti,hearts,1.9407,2.0000,0.9852
102701,0,ulti,hearts,7.7195,8.0000,0.9883
102709,1,,,0.0000,0.0000,0.0000
102710,1,,,0.0000,0.0000,0.0000
102694,0,ulti,hearts,7.9795,8.0000,0.9991
102707,0,ulti,acorns,3.7486,4.0000,0.9790
102706,0,ulti,hearts,7.8256,8.0000,0.9927
102704,0,ulti,leaves,3.9561,4.0000,0.9963
102698,0,ulti,acorns,3.9556,4.0000,0.9963
102714,1,,,0.0000,0.0000,0.0000
102705,0,parti,acorns,0.7858,1.0000,0.8929
102716,1,,,0.0000,0.0000,0.0000
102711,0,ulti,leaves,3.9830,4.0000,0.9986
102712,0,parti,bells,0.2052,-1.0000,0.6026
102708,0,parti,bells,0.4886,1.0000,0.7443
102717,0,parti,leaves,0.9688,1.0000,0.9844
102713,0,ulti,bells,3.8398,-8.0000,0.9867
102715,0,ulti,hearts,7.9316,8.0000,0.9972
102719,0,parti,acorns,0.0533,-1.0000,0.5266
102718,0,ulti,hearts,0.6354,-16.0000,0.6931
102722,1,,,0.0000,0.0000,0.0000
102721,0,parti,hearts,1.9946,2.0000,0.9986
102724,1,,,0.0000,0.0000,0.0000
102727,1,,,0.0000,0.0000,0.0000
102726,1,,,0.0000,0.0000,0.0000
102731,1,,,0.0000,0.0000,0.0000
102729,0,parti,hearts,1.9357,2.0000,0.9839
102728,0,parti,bells,0.9981,1.0000,0.9991
102730,0,ulti,bells,1.9356,-8.0000,0.8280
102723,0,ulti,bells,3.9212,4.0000,0.9934
102725,0,ulti,hearts,7.4120,8.0000,0.9755
102732,0,ulti,leaves,3.4365,4.0000,0.9530
102736,1,,,0.0000,0.0000,0.0000
102733,0,ulti,leaves,1.7029,-8.0000,0.8086
102734,0,parti,acorns,0.1896,-1.0000,0.5948
102737,0,ulti,leaves,0.4266,4.0000,0.7022
102735,0,ulti,acorns,3.7859,4.0000,0.9822
102738,0,parti,hearts,1.9996,2.0000,0.9999
102740,1,,,0.0000,0.0000,0.0000
102742,0,ulti,acorns,3.6210,4.0000,0.9684
102741,0,ulti,acorns,3.1092,4.0000,0.9258
102739,0,parti,acorns,0.3026,-1.0000,0.6513
102746,1,,,0.0000,0.0000,0.0000
102720,0,ulti,hearts,7.9999,8.0000,1.0000
102744,0,ulti,leaves,2.8012,4.0000,0.9001
102745,0,parti,acorns,0.4745,1.0000,0.7373
102743,0,ulti,bells,3.9873,4.0000,0.9989
102747,1,,,0.0000,0.0000,0.0000
102748,0,ulti,hearts,4.6781,-16.0000,0.8616
102749,1,,,0.0000,0.0000,0.0000
102751,0,ulti,leaves,2.7399,4.0000,0.8950
102757,1,,,0.0000,0.0000,0.0000
102750,0,parti,leaves,0.8210,1.0000,0.9105
102756,0,parti,hearts,1.9999,2.0000,1.0000
102754,0,ulti,bells,3.9574,4.0000,0.9964
102755,0,parti,leaves,0.9999,1.0000,0.9999
102753,0,ulti,hearts,7.9438,8.0000,0.9977
102758,0,parti,hearts,1.0867,-2.0000,0.7717
102763,1,,,0.0000,0.0000,0.0000
102764,1,,,0.0000,0.0000,0.0000
102762,0,parti,hearts,1.5224,-2.0000,0.8806
102768,1,,,0.0000,0.0000,0.0000
102759,0,parti,leaves,0.9963,1.0000,0.9981
102766,0,parti,hearts,1.9991,2.0000,0.9998
102752,0,parti,acorns,0.5748,1.0000,0.7874
102761,0,parti,leaves,0.2850,-1.0000,0.6425
102767,0,ulti,hearts,7.8960,8.0000,0.9957
102771,1,,,0.0000,0.0000,0.0000
102770,0,ulti,acorns,2.8343,4.0000,0.9029
102769,0,ulti,hearts,4.8440,-16.0000,0.8685
102772,0,ulti,leaves,3.9695,4.0000,0.9975
102773,0,ulti,hearts,5.6041,8.0000,0.9002
102765,0,ulti,acorns,3.9983,4.0000,0.9999
102760,0,ulti,bells,3.9991,4.0000,0.9999
102774,0,parti,hearts,1.9939,2.0000,0.9985
102775,0,betli,,2.9542,-5.0000,0.7954
102778,0,ulti,bells,0.7576,4.0000,0.7298
102777,0,parti,bells,0.1127,1.0000,0.5564
102779,0,parti,bells,0.9667,1.0000,0.9834
102776,0,parti,hearts,1.4832,2.0000,0.8708
102781,1,,,0.0000,0.0000,0.0000
102782,1,,,0.0000,0.0000,0.0000
102780,0,parti,bells,0.6188,1.0000,0.8094
102785,1,,,0.0000,0.0000,0.0000
102783,0,ulti,acorns,3.8349,-8.0000,0.9862
102787,0,ulti,hearts,5.7551,-16.0000,0.9065
102786,0,parti,hearts,1.9999,2.0000,1.0000
102784,0,ulti,bells,3.5953,4.0000,0.9663
102788,0,parti,hearts,1.9713,2.0000,0.9928
102789,0,ulti,bells,3.7716,4.0000,0.9810
102795,1,,,0.0000,0.0000,0.0000
102791,0,parti,hearts,1.8979,2.0000,0.9745
102792,0,ulti,bells,3.5184,4.0000,0.9599
102790,0,parti,bells,0.9462,1.0000,0.9731
102793,0,ulti,leaves,3.1831,4.0000,0.9319
102794,0,ulti,acorns,3.8914,4.0000,0.9909
102797,0,ulti,hearts,5.7450,8.0000,0.9060
102798,0,ulti,bells,3.2476,-8.0000,0.9373
102802,1,,,0.0000,0.0000,0.0000
102799,0,ulti,acorns,1.6009,-8.0000,0.8001
102796,0,ulti,bells,3.9502,4.0000,0.9959
102803,0,ulti,hearts,7.3134,8.0000,0.9714
102801,0,ulti,acorns,1.5861,4.0000,0.7988
102800,0,parti,acorns,0.9089,1.0000,0.9544
102809,1,,,0.0000,0.0000,0.0000
102806,0,ulti,hearts,6.4195,8.0000,0.9341
102811,1,,,0.0000,0.0000,0.0000
102812,1,,,0.0000,0.0000,0.0000
102805,0,parti,leaves,0.5794,1.0000,0.7897
102804,0,parti,leaves,0.8095,1.0000,0.9047
102808,0,ulti,hearts,7.9390,8.0000,0.9975
102813,0,ulti,bells,3.7009,4.0000,0.9751
102810,0,ulti,hearts,7.4641,8.0000,0.9777
102807,0,ulti,leaves,3.8938,4.0000,0.9912
102815,1,,,0.0000,0.0000,0.0000
102816,1,,,0.0000,0.0000,0.0000
102814,0,ulti,acorns,3.3680,4.0000,0.9473
102817,0,ulti,bells,3.8329,4.0000,0.9861
102821,0,ulti,hearts,5.6494,8.0000,0.9021
102818,0,ulti,bells,3.9805,4.0000,0.9984
102823,0,parti,hearts,1.1616,-2.0000,0.7904
102820,0,parti,hearts,1.5331,-2.0000,0.8833
102824,0,parti,hearts,1.5201,2.0000,0.8800
102822,0,ulti,acorns,3.5382,4.0000,0.9615
102826,1,,,0.0000,0.0000,0.0000
102827,1,,,0.0000,0.0000,0.0000
102825,0,parti,hearts,1.9865,2.0000,0.9966
102828,0,ulti,acorns,2.7699,4.0000,0.8975
102819,0,parti,hearts,0.9297,2.0000,0.7324
102830,0,parti,hearts,1.8531,2.0000,0.9633
102829,0,parti,hearts,1.2664,2.0000,0.8166
102831,0,ulti,leaves,2.3723,-8.0000,0.8644
102832,0,betli,,1.5117,-5.0000,0.6512
102833,0,ulti,leaves,1.5759,4.0000,0.7980
102834,0,ulti,hearts,7.4866,8.0000,0.9786
102836,0,ulti,hearts,6.7116,8.0000,0.9463
102835,0,betli,,2.7769,-5.0000,0.7777
102840,1,,,0.0000,0.0000,0.0000
102839,0,ulti,bells,2.7585,-8.0000,0.8965
102843,1,,,0.0000,0.0000,0.0000
102842,0,betli,,4.6766,-5.0000,0.9677
102841,0,ulti,leaves,3.8338,4.0000,0.9862
102844,0,ulti,acorns,3.9153,4.0000,0.9929
102846,0,ulti,bells,2.8944,4.0000,0.9079
102847,0,ulti,leaves,2.5321,4.0000,0.8777
102848,0,ulti,hearts,5.2359,8.0000,0.8848
102838,0,parti,acorns,0.6469,1.0000,0.8234
102849,0,ulti,hearts,7.2674,8.0000,0.9695
102852,1,,,0.0000,0.0000,0.0000
102837,0,parti,acorns,0.9863,1.0000,0.9932
102851,0,parti,hearts,0.0707,-2.0000,0.5177
102845,0,parti,acorns,0.2220,1.0000,0.6110
102858,1,,,0.0000,0.0000,0.0000
102853,0,ulti,acorns,3.9861,4.0000,0.9988
102855,0,ulti,acorns,1.7644,4.0000,0.8137
102857,1,,,0.0000,0.0000,0.0000
102859,0,ulti,hearts,2.9528,-16.0000,0.7897
102860,1,,,0.0000,0.0000,0.0000
102856,0,parti,hearts,1.0835,2.0000,0.7709
102864,1,,,0.0000,0.0000,0.0000
102861,0,ulti,hearts,4.1268,-16.0000,0.8386
102863,0,ulti,leaves,2.1685,-8.0000,0.8474
102854,0,parti,acorns,0.0971,-1.0000,0.5486
102862,0,parti,acorns,0.0328,-1.0000,0.5164
102867,0,ulti,leaves,2.5554,-8.0000,0.8796
102865,0,ulti,leaves,3.9885,4.0000,0.9990
102871,0,ulti,hearts,2.8978,8.0000,0.7874
102870,0,ulti,leaves,2.7301,-8.0000,0.8942
102869,0,ulti,hearts,7.9292,8.0000,0.9970
102866,0,ulti,hearts,7.5327,8.0000,0.9805
102873,1,,,0.0000,0.0000,0.0000
102872,0,betli,,2.1425,-5.0000,0.7143
102874,1,,,0.0000,0.0000,0.0000
102850,0,parti,bells,0.8426,1.0000,0.9213
102877,1,,,0.0000,0.0000,0.0000
102876,0,parti,acorns,0.9348,-1.0000,0.9674
102868,0,parti,leaves,0.6065,1.0000,0.8033
102878,0,betli,,1.8896,-5.0000,0.6890
102882,1,,,0.0000,0.0000,0.0000
102875,0,parti,bells,0.4400,1.0000,0.7200
102883,1,,,0.0000,0.0000,0.0000
102887,1,,,0.0000,0.0000,0.0000
102884,0,ulti,leaves,0.9751,4.0000,0.7479
102888,1,,,0.0000,0.0000,0.0000
102885,0,betli,,3.8622,-5.0000,0.8862
102881,0,parti,leaves,0.2695,1.0000,0.6348
102879,0,ulti,bells,3.7509,4.0000,0.9792
102890,1,,,0.0000,0.0000,0.0000
102891,1,,,0.0000,0.0000,0.0000
102892,1,,,0.0000,0.0000,0.0000
102880,0,parti,acorns,0.3082,1.0000,0.6541
102886,0,ulti,leaves,3.7254,4.0000,0.9771
102889,0,ulti,leaves,3.9884,4.0000,0.9990
102893,1,,,0.0000,0.0000,0.0000
102896,1,,,0.0000,0.0000,0.0000
102895,0,ulti,acorns,0.1242,-8.0000,0.6770
102894,0,parti,hearts,1.2737,-2.0000,0.8184
102897,0,ulti,acorns,1.5611,-8.0000,0.7968
102899,0,ulti,leaves,3.6192,-8.0000,0.9683
102903,1,,,0.0000,0.0000,0.0000
102904,1,,,0.0000,0.0000,0.0000
102902,0,ulti,leaves,2.7334,4.0000,0.8945
102898,0,ulti,acorns,3.6196,-8.0000,0.9683
102901,0,ulti,acorns,3.3560,4.0000,0.9463
102905,0,ulti,bells,1.7758,4.0000,0.8147
102909,1,,,0.0000,0.0000,0.0000
102908,1,,,0.0000,0.0000,0.0000
102907,0,parti,leaves,0.0249,-1.0000,0.5124
102900,0,parti,hearts,1.1628,2.0000,0.7907
102906,0,ulti,acorns,3.6267,4.0000,0.9689
102911,0,ulti,hearts,3.7487,-16.0000,0.8229
102912,0,ulti,leaves,3.9702,4.0000,0.9975
102914,0,parti,hearts,1.7283,2.0000,0.9321
102913,0,ulti,leaves,3.7928,4.0000,0.9827
102915,0,ulti,hearts,7.5434,8.0000,0.9810
102917,0,ulti,acorns,3.2697,-8.0000,0.9391
102919,1,,,0.0000,0.0000,0.0000
102910,0,ulti,hearts,7.9990,8.0000,1.0000
102916,0,parti,hearts,1.9970,2.0000,0.9992
102920,0,ulti,hearts,4.8242,-16.0000,0.8677
102921,0,ulti,acorns,1.5458,4.0000,0.7955
102918,0,ulti,acorns,3.4787,-8.0000,0.9566
102924,0,ulti,hearts,5.9874,-16.0000,0.9161
102925,0,ulti,leaves,2.9411,4.0000,0.9118
102928,1,,,0.0000,0.0000,0.0000
102926,0,parti,hearts,1.4402,2.0000,0.8601
102923,0,parti,bells,0.4412,1.0000,0.7206
102927,0,ulti,bells,2.5185,4.0000,0.8765
102929,0,ulti,hearts,2.1634,8.0000,0.7568
102922,0,parti,acorns,0.9400,1.0000,0.9700
102935,1,,,0.0000,0.0000,0.0000
102930,0,parti,leaves,0.6327,1.0000,0.8163
102937,0,ulti,hearts,6.8040,8.0000,0.9502
102933,0,ulti,hearts,4.5880,-16.0000,0.8578
102934,0,ulti,acorns,2.1627,-8.0000,0.8469
102931,0,ulti,hearts,7.9565,8.0000,0.9982
102939,1,,,0.0000,0.0000,0.0000
102932,0,ulti,acorns,3.8917,4.0000,0.9910
102938,0,ulti,hearts,7.5893,-16.0000,0.9829
102940,1,,,0.0000,0.0000,0.0000
102936,0,ulti,leaves,3.8265,4.0000,0.9855
102942,0,ulti,hearts,1.8281,-16.0000,0.7428
102941,0,ulti,acorns,2.0175,-8.0000,0.8348
102946,0,betli,,0.5050,-5.0000,0.5505
102944,0,parti,acorns,0.3110,-1.0000,0.6555
102952,1,,,0.0000,0.0000,0.0000
102951,0,ulti,hearts,2.0982,8.0000,0.7541
102948,0,ulti,acorns,3.9774,4.0000,0.9981
102950,0,parti,hearts,0.8464,-2.0000,0.7116
102949,0,ulti,hearts,7.2195,-16.0000,0.9675
102953,0,ulti,leaves,0.3613,-8.0000,0.6968
102945,0,parti,hearts,1.5310,2.0000,0.8828
102957,1,,,0.0000,0.0000,0.0000
102954,0,ulti,acorns,2.9542,4.0000,0.9129
102958,1,,,0.0000,0.0000,0.0000
102956,0,ulti,leaves,3.6784,4.0000,0.9732
102960,0,ulti,bells,0.1304,-8.0000,0.6775
102961,1,,,0.0000,0.0000,0.0000
102963,1,,,0.0000,0.0000,0.0000
102962,0,parti,hearts,1.9987,2.0000,0.9997
102955,0,ulti,bells,3.6853,4.0000,0.9738
102943,0,ulti,hearts,7.9713,8.0000,0.9988
102968,1,,,0.0000,0.0000,0.0000
102966,0,betli,,4.8240,-5.0000,0.9824
102965,0,ulti,hearts,4.8373,8.0000,0.8682
102969,1,,,0.0000,0.0000,0.0000
102959,0,parti,leaves,0.9877,1.0000,0.9939
102967,0,parti,leaves,0.5174,-1.0000,0.7587
102964,0,ulti,acorns,3.8004,4.0000,0.9834
102971,0,parti,hearts,1.2750,2.0000,0.8188
102974,0,ulti,leaves,3.7135,-8.0000,0.9761
102973,0,parti,leaves,0.2429,-1.0000,0.6214
102970,0,ulti,bells,3.9987,4.0000,0.9999
102975,0,parti,hearts,1.3400,2.0000,0.8350
102972,0,ulti,bells,3.8080,4.0000,0.9840
102947,0,ulti,leaves,3.9988,4.0000,0.9999
102978,1,,,0.0000,0.0000,0.0000
102977,1,,,0.0000,0.0000,0.0000
102976,0,ulti,bells,3.9121,4.0000,0.9927
102981,0,ulti,hearts,2.5694,-16.0000,0.7737
102980,0,ulti,hearts,6.8901,8.0000,0.9538
102982,0,ulti,hearts,6.4233,8.0000,0.9343
102985,1,,,0.0000,0.0000,0.0000
102988,1,,,0.0000,0.0000,0.0000
102979,0,ulti,hearts,7.9983,8.0000,0.9999
102984,0,ulti,bells,3.9850,4.0000,0.9987
102986,0,parti,acorns,0.3860,-1.0000,0.6930
102983,0,ulti,bells,3.8127,-8.0000,0.9844
102987,0,ulti,leaves,1.5725,-8.0000,0.7977
102989,0,ulti,bells,3.7132,-8.0000,0.9761
102991,1,,,0.0000,0.0000,0.0000
102995,1,,,0.0000,0.0000,0.0000
102998,1,,,0.0000,0.0000,0.0000
102992,0,parti,acorns,0.9992,1.0000,0.9996
102996,0,parti,acorns,0.3709,-1.0000,0.6855
102994,0,parti,leaves,0.9994,-1.0000,0.9997
102993,0,ulti,hearts,7.7088,8.0000,0.9879
102999,0,ulti,acorns,3.9590,4.0000,0.9966
102997,0,parti,leaves,0.6885,1.0000,0.8443
102990,0,ulti,hearts,7.9828,8.0000,0.9993
