seed,pass,contract,trump,pred_ev,actual_gp,p
100000,1,,,0.0000,0.0000,0.0000
100005,1,,,0.0000,0.0000,0.0000
100008,1,,,0.0000,0.0000,0.0000
100010,1,,,0.0000,0.0000,0.0000
100004,0,ulti,bells,3.1780,-8.0000,0.9315
100007,0,ulti,hearts,4.4457,8.0000,0.8519
100013,1,,,0.0000,0.0000,0.0000
100006,0,ulti,hearts,7.0138,8.0000,0.9589
100015,1,,,0.0000,0.0000,0.0000
100014,0,ulti,leaves,3.8553,4.0000,0.9879
100002,0,parti,leaves,0.9986,1.0000,0.9993
100018,1,,,0.0000,0.0000,0.0000
100019,1,,,0.0000,0.0000,0.0000
100020,1,,,0.0000,0.0000,0.0000
100012,0,ulti,hearts,4.6161,-16.0000,0.8590
100022,1,,,0.0000,0.0000,0.0000
100017,0,parti,hearts,1.2251,-2.0000,0.8063
100024,0,ulti,leaves,3.7087,-8.0000,0.9757
100016,0,parti,hearts,1.9916,2.0000,0.9979
100026,0,parti,hearts,1.9999,2.0000,1.0000
100027,1,,,0.0000,0.0000,0.0000
100028,1,,,0.0000,0.0000,0.0000
100029,1,,,0.0000,0.0000,0.0000
100011,0,ulti,bells,3.9998,4.0000,1.0000
100023,0,ulti,bells,3.1880,-8.0000,0.9323
100031,0,ulti,hearts,7.8840,8.0000,0.9952
100001,0,parti,bells,0.9395,1.0000,0.9698
100032,0,ulti,hearts,5.2290,-16.0000,0.8845
100035,0,ulti,leaves,2.6242,-8.0000,0.8854
100030,0,parti,leaves,0.9991,1.0000,0.9995
100025,0,ulti,bells,3.8840,4.0000,0.9903
100038,1,,,0.0000,0.0000,0.0000
100033,0,parti,leaves,0.9999,1.0000,0.9999
100040,1,,,0.0000,0.0000,0.0000
100039,0,ulti,acorns,2.9166,-8.0000,0.9097
100041,0,ulti,bells,2.5246,-8.0000,0.8770
100036,0,parti,leaves,0.9966,1.0000,0.9983
100034,0,ulti,hearts,7.9476,8.0000,0.9978
100045,1,,,0.0000,0.0000,0.0000
100046,1,,,0.0000,0.0000,0.0000
100047,1,,,0.0000,0.0000,0.0000
100037,0,ulti,hearts,7.7345,8.0000,0.9889
100044,0,ulti,hearts,4.1914,8.0000,0.8413
100043,0,parti,acorns,0.9885,1.0000,0.9942
100049,0,ulti,leaves,3.3590,4.0000,0.9466
100050,0,ulti,acorns,1.6778,-8.0000,0.8065
100051,0,ulti,leaves,2.8232,4.0000,0.9019
100054,1,,,0.0000,0.0000,0.0000
100042,0,parti,leaves,0.6820,1.0000,0.8410
100009,0,parti,bells,0.6978,-1.0000,0.8489
100055,0,ulti,bells,3.9087,4.0000,0.9924
100048,0,parti,acorns,0.9974,1.0000,0.9987
100058,0,parti,hearts,1.9526,2.0000,0.9881
100053,0,ulti,bells,3.8732,4.0000,0.9894
100057,0,ulti,hearts,5.6752,8.0000,0.9031
100062,1,,,0.0000,0.0000,0.0000
100063,1,,,0.0000,0.0000,0.0000
100021,0,ulti,hearts,7.9930,8.0000,0.9997
100065,1,,,0.0000,0.0000,0.0000
100066,1,,,0.0000,0.0000,0.0000
100061,0,ulti,acorns,3.1037,4.0000,0.9253
100060,0,ulti,hearts,7.2845,8.0000,0.9702
100068,1,,,0.0000,0.0000,0.0000
100069,1,,,0.0000,0.0000,0.0000
100070,0,ulti,bells,3.6570,-8.0000,0.9714
100071,0,ulti,hearts,7.8095,8.0000,0.9921
100073,1,,,0.0000,0.0000,0.0000
100074,1,,,0.0000,0.0000,0.0000
100072,0,ulti,bells,3.9192,-8.0000,0.9933
100076,1,,,0.0000,0.0000,0.0000
100052,0,ulti,leaves,3.7720,4.0000,0.9810
100003,0,ulti,leaves,3.9767,4.0000,0.9981
100059,0,ulti,bells,3.5356,4.0000,0.9613
100080,1,,,0.0000,0.0000,0.0000
100078,0,ulti,leaves,3.7114,4.0000,0.9759
100082,1,,,0.0000,0.0000,0.0000
100077,0,ulti,bells,3.6336,4.0000,0.9695
100084,1,,,0.0000,0.0000,0.0000
100079,0,ulti,hearts,5.8881,8.0000,0.9120
100075,0,ulti,bells,3.9688,4.0000,0.9974
100067,0,ulti,bells,3.9745,4.0000,0.9979
100088,1,,,0.0000,0.0000,0.0000
100086,0,ulti,hearts,1.8245,8.0000,0.7427
100085,0,ulti,bells,3.8141,4.0000,0.9845
100087,0,ulti,leaves,3.5371,4.0000,0.9614
100092,1,,,0.0000,0.0000,0.0000
100081,0,ulti,bells,2.0968,4.0000,0.8414
100094,1,,,0.0000,0.0000,0.0000
100089,0,ulti,bells,2.2490,4.0000,0.8541
100083,0,parti,hearts,1.9315,-2.0000,0.9829
100097,1,,,0.0000,0.0000,0.0000
100098,1,,,0.0000,0.0000,0.0000
100095,0,ulti,acorns,3.2563,-8.0000,0.9380
100056,0,ulti,bells,3.9972,4.0000,0.9998
100090,0,parti,hearts,1.8893,2.0000,0.9723
100091,0,ulti,bells,3.8618,4.0000,0.9885
100103,1,,,0.0000,0.0000,0.0000
100099,0,ulti,hearts,6.1375,-16.0000,0.9224
100105,1,,,0.0000,0.0000,0.0000
100064,0,parti,hearts,1.4197,-2.0000,0.8549
100107,1,,,0.0000,0.0000,0.0000
100102,0,ulti,acorns,3.3635,4.0000,0.9470
100109,1,,,0.0000,0.0000,0.0000
100110,0,ulti,leaves,3.0502,-8.0000,0.9209
100101,0,ulti,bells,3.9979,4.0000,0.9998
100108,0,betli,,4.8799,-5.0000,0.9880
100106,0,parti,acorns,0.9965,1.0000,0.9982
100104,0,ulti,bells,3.0940,4.0000,0.9245
100115,0,parti,hearts,1.9999,2.0000,1.0000
100116,0,ulti,acorns,3.9355,4.0000,0.9946
100111,0,ulti,leaves,3.9681,4.0000,0.9973
100096,0,parti,acorns,0.9208,1.0000,0.9604
100119,0,parti,hearts,1.9996,2.0000,0.9999
100114,0,ulti,hearts,7.0005,8.0000,0.9584
100121,1,,,0.0000,0.0000,0.0000
100117,0,ulti,bells,3.9758,4.0000,0.9980
100120,0,ulti,acorns,2.3700,4.0000,0.8642
100112,0,parti,acorns,0.9420,1.0000,0.9710
100125,1,,,0.0000,0.0000,0.0000
100113,0,parti,acorns,0.9582,-1.0000,0.9791
100124,0,parti,acorns,0.9937,1.0000,0.9969
100128,0,ulti,hearts,7.3236,8.0000,0.9718
100129,1,,,0.0000,0.0000,0.0000
100130,1,,,0.0000,0.0000,0.0000
100118,0,ulti,hearts,6.5622,8.0000,0.9401
100127,0,ulti,acorns,3.5126,-8.0000,0.9594
100123,0,ulti,hearts,7.9581,8.0000,0.9983
100134,1,,,0.0000,0.0000,0.0000
100131,0,betli,,4.2668,-5.0000,0.9267
100133,0,parti,acorns,0.9974,1.0000,0.9987
100136,0,ulti,bells,1.9352,4.0000,0.8279
100138,1,,,0.0000,0.0000,0.0000
100139,0,parti,hearts,1.2805,2.0000,0.8201
100140,1,,,0.0000,0.0000,0.0000
100137,0,parti,hearts,1.5119,-2.0000,0.8780
100142,1,,,0.0000,0.0000,0.0000
100132,0,ulti,hearts,7.8808,8.0000,0.9950
100135,0,ulti,leaves,3.8369,4.0000,0.9864
100145,1,,,0.0000,0.0000,0.0000
100146,1,,,0.0000,0.0000,0.0000
100122,0,ulti,bells,3.8487,4.0000,0.9874
100126,0,parti,bells,0.9542,1.0000,0.9771
100143,0,parti,hearts,1.6612,2.0000,0.9153
100148,0,ulti,bells,2.8795,-8.0000,0.9066
100144,0,parti,hearts,0.7847,-2.0000,0.6962
100152,1,,,0.0000,0.0000,0.0000
100141,0,ulti,acorns,3.9943,4.0000,0.9995
100154,1,,,0.0000,0.0000,0.0000
100147,0,ulti,acorns,2.1663,-8.0000,0.8472
100153,0,ulti,bells,3.5309,4.0000,0.9609
100151,0,ulti,bells,3.7987,-8.0000,0.9832
100155,0,ulti,leaves,3.6297,4.0000,0.9691
100159,1,,,0.0000,0.0000,0.0000
100160,1,,,0.0000,0.0000,0.0000
100158,0,ulti,leaves,3.8472,4.0000,0.9873
100162,1,,,0.0000,0.0000,0.0000
100157,0,parti,hearts,0.7536,-2.0000,0.6884
100156,0,ulti,bells,3.9998,4.0000,1.0000
100161,0,parti,hearts,1.8022,-2.0000,0.9506
100150,0,parti,acorns,0.8747,1.0000,0.9374
100165,0,parti,bells,0.7815,-1.0000,0.8907
100166,0,ulti,hearts,3.5157,-16.0000,0.8132
100169,1,,,0.0000,0.0000,0.0000
100170,1,,,0.0000,0.0000,0.0000
100171,1,,,0.0000,0.0000,0.0000
100164,0,ulti,hearts,7.7610,8.0000,0.9900
100093,0,ulti,leaves,3.9969,4.0000,0.9997
100167,0,ulti,hearts,4.1900,8.0000,0.8413
100175,1,,,0.0000,0.0000,0.0000
100100,0,parti,acorns,0.9468,1.0000,0.9734
100172,0,parti,bells,0.6147,-1.0000,0.8073
100173,0,ulti,bells,3.9646,4.0000,0.9970
100168,0,ulti,bells,3.9858,-8.0000,0.9988
100177,0,ulti,hearts,7.5827,8.0000,0.9826
100176,0,parti,hearts,1.9718,2.0000,0.9930
100149,0,parti,hearts,1.2654,-2.0000,0.8164
100180,0,parti,hearts,1.8274,-2.0000,0.9569
100184,1,,,0.0000,0.0000,0.0000
100185,1,,,0.0000,0.0000,0.0000
100174,0,ulti,hearts,7.8706,8.0000,0.9946
100187,1,,,0.0000,0.0000,0.0000
100183,0,ulti,bells,1.9521,4.0000,0.8293
100178,0,parti,acorns,0.8320,1.0000,0.9160
100186,0,parti,hearts,1.9962,2.0000,0.9991
100189,0,ulti,bells,3.5099,4.0000,0.9592
100188,0,ulti,bells,2.5658,4.0000,0.8805
100193,1,,,0.0000,0.0000,0.0000
100194,1,,,0.0000,0.0000,0.0000
100192,0,parti,hearts,1.9933,2.0000,0.9983
100196,1,,,0.0000,0.0000,0.0000
100191,0,parti,hearts,1.9697,2.0000,0.9924
100179,0,parti,hearts,1.8070,-2.0000,0.9518
100199,1,,,0.0000,0.0000,0.0000
100182,0,ulti,acorns,3.9965,4.0000,0.9997
100190,0,parti,leaves,0.5894,1.0000,0.7947
100198,0,ulti,acorns,1.8275,4.0000,0.8190
100203,1,,,0.0000,0.0000,0.0000
100204,1,,,0.0000,0.0000,0.0000
100202,0,ulti,leaves,2.0011,4.0000,0.8334
100205,0,parti,hearts,1.4250,-2.0000,0.8562
100207,1,,,0.0000,0.0000,0.0000
100208,0,ulti,leaves,1.8990,-8.0000,0.8249
100206,0,ulti,hearts,6.7370,8.0000,0.9474
100210,1,,,0.0000,0.0000,0.0000
100211,1,,,0.0000,0.0000,0.0000
100209,0,ulti,hearts,4.0724,-16.0000,0.8363
100213,1,,,0.0000,0.0000,0.0000
100200,0,ulti,leaves,3.6343,4.0000,0.9695
100212,0,parti,hearts,1.2802,2.0000,0.8201
100214,0,ulti,leaves,2.9660,-8.0000,0.9138
100216,0,ulti,leaves,2.9164,-8.0000,0.9097
100218,1,,,0.0000,0.0000,0.0000
100195,0,ulti,bells,3.8950,4.0000,0.9912
100220,1,,,0.0000,0.0000,0.0000
100163,0,ulti,leaves,3.9008,4.0000,0.9917
100219,0,ulti,leaves,3.5808,4.0000,0.9651
100223,1,,,0.0000,0.0000,0.0000
100224,1,,,0.0000,0.0000,0.0000
100225,1,,,0.0000,0.0000,0.0000
100226,1,,,0.0000,0.0000,0.0000
100227,1,,,0.0000,0.0000,0.0000
100217,0,ulti,bells,1.6003,-8.0000,0.8000
100222,0,ulti,leaves,2.2583,-8.0000,0.8549
100221,0,ulti,leaves,1.5938,4.0000,0.7995
100215,0,parti,hearts,0.9681,2.0000,0.7420
100231,0,ulti,hearts,5.9895,8.0000,0.9162
100228,0,ulti,bells,2.1794,4.0000,0.8483
100230,0,parti,hearts,1.9825,2.0000,0.9956
100233,0,parti,acorns,0.6440,1.0000,0.8220
100201,0,ulti,bells,3.9970,4.0000,0.9998
100232,0,ulti,hearts,6.9930,8.0000,0.9580
100234,0,ulti,hearts,5.6725,8.0000,0.9030
100237,0,ulti,leaves,1.8143,-8.0000,0.8179
100235,0,ulti,bells,3.5602,-8.0000,0.9634
100239,0,ulti,hearts,5.3053,8.0000,0.8877
100242,0,ulti,bells,3.6289,4.0000,0.9691
100243,1,,,0.0000,0.0000,0.0000
100241,0,ulti,bells,3.9570,4.0000,0.9964
100240,0,ulti,hearts,5.3976,-16.0000,0.8916
100246,0,ulti,acorns,3.5794,4.0000,0.9649
100247,1,,,0.0000,0.0000,0.0000
100248,1,,,0.0000,0.0000,0.0000
100244,0,parti,hearts,1.4961,2.0000,0.8740
100229,0,ulti,acorns,3.8786,4.0000,0.9899
100238,0,parti,hearts,1.2691,2.0000,0.8173
100250,0,parti,hearts,1.4099,-2.0000,0.8525
100236,0,parti,leaves,0.9761,1.0000,0.9881
100254,1,,,0.0000,0.0000,0.0000
100252,0,ulti,leaves,3.0194,4.0000,0.9183
100256,1,,,0.0000,0.0000,0.0000
100257,1,,,0.0000,0.0000,0.0000
100249,0,ulti,hearts,7.0077,8.0000,0.9587
100253,0,ulti,bells,2.6620,-8.0000,0.8885
100255,0,ulti,hearts,5.5328,8.0000,0.8972
100259,0,ulti,leaves,2.0019,-8.0000,0.8335
100245,0,parti,acorns,0.9814,1.0000,0.9907
100263,0,parti,hearts,1.8274,2.0000,0.9569
100264,1,,,0.0000,0.0000,0.0000
100265,0,parti,hearts,1.4050,-2.0000,0.8512
100181,0,parti,bells,0.9690,1.0000,0.9845
100251,0,ulti,acorns,3.9869,4.0000,0.9989
100266,0,parti,hearts,0.7815,-2.0000,0.6954
100258,0,ulti,bells,3.8877,4.0000,0.9906
100197,0,ulti,leaves,3.9804,4.0000,0.9984
100271,1,,,0.0000,0.0000,0.0000
100272,1,,,0.0000,0.0000,0.0000
100260,0,parti,hearts,1.9611,2.0000,0.9903
100269,0,ulti,bells,3.7351,4.0000,0.9779
100270,0,ulti,leaves,3.6061,4.0000,0.9672
100267,0,parti,hearts,1.5002,-2.0000,0.8751
100277,1,,,0.0000,0.0000,0.0000
100276,0,ulti,bells,2.8989,-8.0000,0.9082
100273,0,parti,acorns,0.9132,1.0000,0.9566
100280,1,,,0.0000,0.0000,0.0000
100281,0,ulti,hearts,4.4758,-16.0000,0.8532
100282,1,,,0.0000,0.0000,0.0000
100283,1,,,0.0000,0.0000,0.0000
100284,1,,,0.0000,0.0000,0.0000
100285,1,,,0.0000,0.0000,0.0000
100274,0,parti,acorns,0.6958,1.0000,0.8479
100286,0,ulti,leaves,3.3438,4.0000,0.9453
100288,1,,,0.0000,0.0000,0.0000
100278,0,parti,hearts,1.4317,2.0000,0.8579
100289,0,ulti,leaves,3.0411,4.0000,0.9201
100291,1,,,0.0000,0.0000,0.0000
100279,0,ulti,leaves,3.9711,4.0000,0.9976
100268,0,parti,leaves,0.5228,1.0000,0.7614
100261,0,ulti,bells,3.9974,4.0000,0.9998
100275,0,ulti,hearts,7.5395,8.0000,0.9808
100296,1,,,0.0000,0.0000,0.0000
100292,0,ulti,leaves,3.9896,4.0000,0.9991
100298,1,,,0.0000,0.0000,0.0000
100299,1,,,0.0000,0.0000,0.0000
100300,1,,,0.0000,0.0000,0.0000
100295,0,parti,hearts,1.9818,2.0000,0.9954
100301,0,parti,hearts,0.7136,-2.0000,0.6784
100302,0,ulti,hearts,3.7172,-16.0000,0.8216
100290,0,parti,leaves,0.9085,1.0000,0.9543
100304,1,,,0.0000,0.0000,0.0000
100306,1,,,0.0000,0.0000,0.0000
100307,0,ulti,bells,3.2093,-8.0000,0.9341
100303,0,ulti,leaves,3.4473,4.0000,0.9539
100308,0,ulti,leaves,3.6169,4.0000,0.9681
100287,0,ulti,acorns,3.8066,4.0000,0.9839
100294,0,ulti,leaves,3.7714,4.0000,0.9809
100309,0,ulti,hearts,4.0286,8.0000,0.8345
100305,0,ulti,acorns,3.9858,4.0000,0.9988
100297,0,ulti,bells,3.8287,-8.0000,0.9857
100313,0,ulti,hearts,1.9964,-16.0000,0.7499
100314,0,ulti,leaves,3.3669,4.0000,0.9472
100311,0,ulti,leaves,3.4467,4.0000,0.9539
100312,0,ulti,acorns,2.0788,-8.0000,0.8399
100319,1,,,0.0000,0.0000,0.0000
100318,0,ulti,hearts,6.1241,8.0000,0.9218
100320,0,ulti,leaves,3.6749,4.0000,0.9729
100310,0,ulti,hearts,7.6108,8.0000,0.9838
100323,1,,,0.0000,0.0000,0.0000
100324,1,,,0.0000,0.0000,0.0000
100325,1,,,0.0000,0.0000,0.0000
100262,0,ulti,bells,3.9968,4.0000,0.9997
100293,0,ulti,bells,3.9975,4.0000,0.9998
100317,0,ulti,bells,2.8585,-8.0000,0.9049
100326,0,ulti,bells,2.7128,4.0000,0.8927
100330,1,,,0.0000,0.0000,0.0000
100331,0,parti,hearts,1.9999,2.0000,1.0000
100332,1,,,0.0000,0.0000,0.0000
100333,1,,,0.0000,0.0000,0.0000
100322,0,parti,acorns,0.8975,-1.0000,0.9487
100334,0,ulti,hearts,5.6140,-16.0000,0.9006
100335,0,ulti,acorns,3.3235,4.0000,0.9436
100321,0,ulti,leaves,3.8890,4.0000,0.9907
100338,1,,,0.0000,0.0000,0.0000
100327,0,ulti,acorns,3.9406,4.0000,0.9950
100340,1,,,0.0000,0.0000,0.0000
100337,0,ulti,hearts,4.7060,-16.0000,0.8628
100316,0,ulti,acorns,3.8988,4.0000,0.9916
100341,0,ulti,hearts,5.2896,8.0000,0.8871
100344,1,,,0.0000,0.0000,0.0000
100329,0,ulti,bells,3.8248,4.0000,0.9854
100343,0,ulti,acorns,3.1480,-8.0000,0.9290
100336,0,ulti,hearts,6.2189,8.0000,0.9258
100348,1,,,0.0000,0.0000,0.0000
100342,0,parti,hearts,1.9935,2.0000,0.9984
100350,1,,,0.0000,0.0000,0.0000
100351,1,,,0.0000,0.0000,0.0000
100345,0,ulti,bells,3.7304,4.0000,0.9775
100353,1,,,0.0000,0.0000,0.0000
100354,1,,,0.0000,0.0000,0.0000
100347,0,ulti,hearts,2.9589,-16.0000,0.7900
100356,1,,,0.0000,0.0000,0.0000
100357,1,,,0.0000,0.0000,0.0000
100315,0,ulti,leaves,3.9663,4.0000,0.9972
100358,0,ulti,hearts,5.1840,-16.0000,0.8827
100359,0,ulti,hearts,1.9908,8.0000,0.7496
100355,0,ulti,hearts,7.7173,8.0000,0.9882
100328,0,ulti,bells,3.9986,4.0000,0.9999
100360,0,ulti,bells,3.8831,4.0000,0.9903
100352,0,ulti,leaves,3.4048,4.0000,0.9504
100349,0,ulti,hearts,7.8004,8.0000,0.9917
100361,0,parti,hearts,0.6374,-2.0000,0.6593
100363,0,ulti,hearts,2.5466,8.0000,0.7728
100362,0,ulti,acorns,3.5038,4.0000,0.9586
100366,0,parti,hearts,1.5330,-2.0000,0.8833
100370,1,,,0.0000,0.0000,0.0000
100367,0,parti,hearts,0.7530,-2.0000,0.6882
100368,0,ulti,leaves,2.5368,-8.0000,0.8781
100372,0,ulti,hearts,2.5836,-16.0000,0.7743
100369,0,ulti,hearts,3.4045,-16.0000,0.8085
100375,1,,,0.0000,0.0000,0.0000
100376,1,,,0.0000,0.0000,0.0000
100346,0,parti,leaves,0.8107,1.0000,0.9053
100378,1,,,0.0000,0.0000,0.0000
100373,0,ulti,hearts,4.7296,8.0000,0.8637
100380,1,,,0.0000,0.0000,0.0000
100365,0,ulti,acorns,3.8265,4.0000,0.9855
100377,0,ulti,bells,3.7278,-8.0000,0.9773
100371,0,ulti,leaves,3.7362,4.0000,0.9780
100381,0,ulti,acorns,2.5955,-8.0000,0.8830
100379,0,ulti,leaves,3.8734,4.0000,0.9894
100364,0,ulti,hearts,7.1370,8.0000,0.9640
100387,1,,,0.0000,0.0000,0.0000
100385,0,ulti,hearts,2.9148,8.0000,0.7881
100384,0,parti,hearts,0.8348,-2.0000,0.7087
100390,1,,,0.0000,0.0000,0.0000
100386,0,parti,hearts,1.8666,2.0000,0.9667
100392,0,ulti,hearts,3.3341,-16.0000,0.8056
100383,0,parti,acorns,0.9043,1.0000,0.9521
100394,1,,,0.0000,0.0000,0.0000
100389,0,parti,leaves,0.8598,1.0000,0.9299
100396,1,,,0.0000,0.0000,0.0000
100391,0,ulti,leaves,3.0779,4.0000,0.9232
100388,0,ulti,hearts,7.6632,8.0000,0.9860
100399,1,,,0.0000,0.0000,0.0000
100397,0,ulti,acorns,2.0310,-8.0000,0.8359
100398,0,parti,hearts,1.1201,2.0000,0.7800
100395,0,ulti,hearts,7.9226,8.0000,0.9968
100403,1,,,0.0000,0.0000,0.0000
100402,0,ulti,leaves,3.3210,-8.0000,0.9434
100405,1,,,0.0000,0.0000,0.0000
100406,0,ulti,bells,2.3863,-8.0000,0.8655
100393,0,parti,leaves,0.6900,1.0000,0.8450
100407,0,ulti,hearts,3.8391,-16.0000,0.8266
100374,0,parti,bells,0.8728,-1.0000,0.9364
100410,1,,,0.0000,0.0000,0.0000
100411,1,,,0.0000,0.0000,0.0000
100401,0,ulti,hearts,3.8771,-16.0000,0.8282
100413,1,,,0.0000,0.0000,0.0000
100414,0,ulti,hearts,7.9110,8.0000,0.9963
100412,0,ulti,acorns,2.1659,-8.0000,0.8472
100404,0,ulti,bells,3.9252,4.0000,0.9938
100409,0,parti,bells,0.9740,-1.0000,0.9870
100416,0,ulti,hearts,5.7108,-16.0000,0.9046
100418,0,parti,leaves,0.9985,1.0000,0.9992
100417,0,ulti,bells,3.9553,4.0000,0.9963
100408,0,parti,hearts,1.9782,-2.0000,0.9945
100382,0,ulti,hearts,7.9926,8.0000,0.9997
100423,0,ulti,acorns,3.0625,-8.0000,0.9219
100424,1,,,0.0000,0.0000,0.0000
100425,0,ulti,leaves,3.4659,4.0000,0.9555
100339,0,ulti,hearts,7.9944,8.0000,0.9998
100427,1,,,0.0000,0.0000,0.0000
100428,1,,,0.0000,0.0000,0.0000
100422,0,parti,leaves,0.5094,-1.0000,0.7547
100430,1,,,0.0000,0.0000,0.0000
100431,0,ulti,bells,3.7647,4.0000,0.9804
100426,0,parti,hearts,1.8628,2.0000,0.9657
100433,0,ulti,acorns,3.5239,4.0000,0.9603
100429,0,parti,bells,0.9926,1.0000,0.9963
100400,0,ulti,acorns,3.9699,4.0000,0.9975
100436,1,,,0.0000,0.0000,0.0000
100420,0,ulti,bells,3.7865,4.0000,0.9822
100435,0,parti,hearts,1.8136,2.0000,0.9534
100432,0,ulti,acorns,3.7491,4.0000,0.9791
100439,1,,,0.0000,0.0000,0.0000
100441,0,ulti,acorns,2.9433,4.0000,0.9119
100438,0,ulti,hearts,7.0081,8.0000,0.9587
100442,0,parti,hearts,1.6936,-2.0000,0.9234
100443,0,parti,hearts,1.9701,2.0000,0.9925
100445,1,,,0.0000,0.0000,0.0000
100437,0,ulti,hearts,6.3451,8.0000,0.9310
100444,0,ulti,acorns,1.9889,-8.0000,0.8324
100447,0,ulti,hearts,4.3833,8.0000,0.8493
100421,0,ulti,acorns,3.9980,4.0000,0.9998
100450,1,,,0.0000,0.0000,0.0000
100415,0,parti,bells,0.9589,1.0000,0.9794
100452,1,,,0.0000,0.0000,0.0000
100453,1,,,0.0000,0.0000,0.0000
100446,0,parti,hearts,0.6786,-2.0000,0.6696
100419,0,ulti,bells,3.9812,4.0000,0.9984
100456,1,,,0.0000,0.0000,0.0000
100440,0,parti,bells,0.7613,1.0000,0.8807
100457,0,ulti,bells,3.9735,4.0000,0.9978
100459,1,,,0.0000,0.0000,0.0000
100434,0,parti,acorns,0.6196,1.0000,0.8098
100454,0,parti,hearts,1.8367,2.0000,0.9592
100462,1,,,0.0000,0.0000,0.0000
100463,1,,,0.0000,0.0000,0.0000
100449,0,parti,bells,0.9785,1.0000,0.9892
100464,0,parti,hearts,1.2632,-2.0000,0.8158
100455,0,ulti,bells,3.9106,4.0000,0.9925
100467,1,,,0.0000,0.0000,0.0000
100468,0,ulti,hearts,2.6908,-16.0000,0.7788
100469,1,,,0.0000,0.0000,0.0000
100470,0,ulti,bells,2.6658,4.0000,0.8888
100460,0,parti,leaves,0.9186,1.0000,0.9593
100472,1,,,0.0000,0.0000,0.0000
100471,1,,,0.0000,0.0000,0.0000
100474,1,,,0.0000,0.0000,0.0000
100473,1,,,0.0000,0.0000,0.0000
100475,1,,,0.0000,0.0000,0.0000
100476,0,ulti,hearts,3.3683,8.0000,0.8070
100478,1,,,0.0000,0.0000,0.0000
100479,0,ulti,hearts,3.8078,8.0000,0.8253
100466,0,ulti,acorns,3.6509,4.0000,0.9709
100480,0,ulti,acorns,3.8222,4.0000,0.9852
100482,1,,,0.0000,0.0000,0.0000
100483,1,,,0.0000,0.0000,0.0000
100461,0,ulti,bells,3.9986,4.0000,0.9999
100477,0,ulti,acorns,3.8228,4.0000,0.9852
100486,0,ulti,hearts,6.0333,8.0000,0.9181
100465,0,parti,hearts,1.4209,-2.0000,0.8552
100488,1,,,0.0000,0.0000,0.0000
100487,0,ulti,bells,2.1484,4.0000,0.8457
100489,0,parti,hearts,1.9330,-2.0000,0.9833
100491,1,,,0.0000,0.0000,0.0000
100492,1,,,0.0000,0.0000,0.0000
100484,0,ulti,leaves,3.8301,4.0000,0.9858
100481,0,ulti,acorns,3.8951,4.0000,0.9913
100493,0,ulti,bells,2.2485,-8.0000,0.8540
100495,1,,,0.0000,0.0000,0.0000
100497,1,,,0.0000,0.0000,0.0000
100494,0,ulti,acorns,3.9438,4.0000,0.9953
100458,0,ulti,hearts,7.9933,8.0000,0.9997
100499,0,parti,hearts,1.1888,-2.0000,0.7972
100498,0,parti,hearts,1.3735,-2.0000,0.8434
100451,0,ulti,bells,3.9949,4.0000,0.9996
100503,1,,,0.0000,0.0000,0.0000
100500,0,parti,hearts,1.2365,-2.0000,0.8091
100501,0,ulti,hearts,5.8806,8.0000,0.9117
100504,0,parti,hearts,1.9759,2.0000,0.9940
100507,1,,,0.0000,0.0000,0.0000
100505,0,ulti,bells,3.4285,-8.0000,0.9524
100508,0,parti,hearts,1.9999,2.0000,1.0000
100485,0,ulti,acorns,3.9983,4.0000,0.9999
100511,1,,,0.0000,0.0000,0.0000
100502,0,ulti,acorns,3.6100,-8.0000,0.9675
100513,0,betli,,4.9987,5.0000,0.9999
100514,1,,,0.0000,0.0000,0.0000
100506,0,ulti,leaves,3.3027,4.0000,0.9419
100516,1,,,0.0000,0.0000,0.0000
100517,1,,,0.0000,0.0000,0.0000
100509,0,parti,hearts,0.7625,-2.0000,0.6906
100519,1,,,0.0000,0.0000,0.0000
100512,0,parti,hearts,0.5403,-2.0000,0.6351
100490,0,parti,acorns,0.9421,1.0000,0.9710
100522,1,,,0.0000,0.0000,0.0000
100448,0,ulti,bells,3.9744,4.0000,0.9979
100510,0,ulti,acorns,3.6045,4.0000,0.9670
100520,0,parti,leaves,0.9872,-1.0000,0.9936
100526,1,,,0.0000,0.0000,0.0000
100518,0,ulti,leaves,2.6040,4.0000,0.8837
100521,0,ulti,leaves,3.4584,4.0000,0.9549
100528,0,ulti,acorns,2.4031,4.0000,0.8669
100530,0,ulti,bells,3.8130,4.0000,0.9844
100531,1,,,0.0000,0.0000,0.0000
100532,1,,,0.0000,0.0000,0.0000
100533,1,,,0.0000,0.0000,0.0000
100527,0,parti,hearts,0.9624,-2.0000,0.7406
100535,1,,,0.0000,0.0000,0.0000
100536,1,,,0.0000,0.0000,0.0000
100529,0,parti,acorns,0.9838,1.0000,0.9919
100534,0,parti,leaves,0.8059,1.0000,0.9030
100539,1,,,0.0000,0.0000,0.0000
100540,1,,,0.0000,0.0000,0.0000
100525,0,ulti,leaves,3.2044,4.0000,0.9337
100496,0,parti,hearts,1.6040,2.0000,0.9010
100542,0,ulti,hearts,6.2938,8.0000,0.9289
100515,0,parti,bells,0.6285,1.0000,0.8142
100543,0,parti,hearts,1.6167,-2.0000,0.9042
100546,1,,,0.0000,0.0000,0.0000
100547,1,,,0.0000,0.0000,0.0000
100548,1,,,0.0000,0.0000,0.0000
100549,1,,,0.0000,0.0000,0.0000
100537,0,ulti,acorns,3.6137,-8.0000,0.9678
100551,1,,,0.0000,0.0000,0.0000
100545,0,ulti,leaves,3.3026,4.0000,0.9419
100553,1,,,0.0000,0.0000,0.0000
100538,0,parti,hearts,1.8994,-2.0000,0.9748
100555,1,,,0.0000,0.0000,0.0000
100550,0,parti,hearts,0.6282,-2.0000,0.6570
100556,0,ulti,leaves,1.6556,4.0000,0.8046
100558,1,,,0.0000,0.0000,0.0000
100552,0,ulti,leaves,2.0079,-8.0000,0.8340
100559,0,ulti,leaves,3.5804,4.0000,0.9650
100524,0,parti,hearts,1.7754,2.0000,0.9438
100544,0,parti,acorns,0.9935,1.0000,0.9967
100557,0,ulti,bells,3.9935,4.0000,0.9995
100563,0,ulti,acorns,2.7545,-8.0000,0.8962
100541,0,ulti,leaves,3.9065,4.0000,0.9922
100565,0,ulti,hearts,5.7922,8.0000,0.9080
100567,0,parti,hearts,1.9500,2.0000,0.9875
100568,1,,,0.0000,0.0000,0.0000
100569,1,,,0.0000,0.0000,0.0000
100560,0,parti,leaves,0.7179,1.0000,0.8589
100571,1,,,0.0000,0.0000,0.0000
100562,0,ulti,hearts,7.9429,8.0000,0.9976
100573,1,,,0.0000,0.0000,0.0000
100574,1,,,0.0000,0.0000,0.0000
100575,0,ulti,hearts,5.2923,8.0000,0.8872
100570,0,ulti,hearts,5.6762,8.0000,0.9032
100577,1,,,0.0000,0.0000,0.0000
100523,0,parti,hearts,1.9591,2.0000,0.9898
100576,0,ulti,hearts,7.2307,8.0000,0.9679
100579,1,,,0.0000,0.0000,0.0000
100578,0,parti,hearts,1.8442,2.0000,0.9610
100566,0,parti,leaves,0.8847,1.0000,0.9423
100564,0,parti,leaves,0.9164,1.0000,0.9582
100584,1,,,0.0000,0.0000,0.0000
100583,0,ulti,bells,2.1834,4.0000,0.8486
100554,0,parti,acorns,0.8058,1.0000,0.9029
100587,1,,,0.0000,0.0000,0.0000
100582,0,ulti,bells,2.5122,4.0000,0.8760
100580,0,parti,bells,0.7468,1.0000,0.8734
100588,0,parti,hearts,1.9977,2.0000,0.9994
100591,1,,,0.0000,0.0000,0.0000
100592,0,ulti,hearts,6.8803,8.0000,0.9533
100589,0,ulti,bells,3.9641,4.0000,0.9970
100593,0,ulti,acorns,3.2127,4.0000,0.9344
100585,0,ulti,leaves,3.9763,4.0000,0.9980
100594,0,parti,hearts,1.4249,-2.0000,0.8562
100590,0,ulti,bells,3.9216,4.0000,0.9935
100561,0,ulti,leaves,3.9735,4.0000,0.9978
100581,0,ulti,leaves,3.7138,4.0000,0.9761
100597,0,ulti,acorns,3.6756,4.0000,0.9730
100601,1,,,0.0000,0.0000,0.0000
100595,0,ulti,bells,3.6843,4.0000,0.9737
100598,0,parti,acorns,0.9998,1.0000,0.9999
100604,1,,,0.0000,0.0000,0.0000
100605,1,,,0.0000,0.0000,0.0000
100606,1,,,0.0000,0.0000,0.0000
100596,0,ulti,acorns,3.8079,4.0000,0.9840
100607,0,parti,hearts,1.9248,2.0000,0.9812
100608,0,ulti,acorns,3.8708,4.0000,0.9892
100586,0,ulti,hearts,7.9580,8.0000,0.9982
100611,1,,,0.0000,0.0000,0.0000
100609,0,ulti,bells,2.5587,4.0000,0.8799
100613,1,,,0.0000,0.0000,0.0000
100603,0,parti,hearts,1.6867,-2.0000,0.9217
100614,0,parti,hearts,1.1362,-2.0000,0.7841
100616,1,,,0.0000,0.0000,0.0000
100612,0,ulti,acorns,3.9699,4.0000,0.9975
100617,0,ulti,acorns,2.9262,4.0000,0.9105
100619,1,,,0.0000,0.0000,0.0000
100610,0,parti,bells,0.5807,1.0000,0.7904
100618,0,ulti,leaves,1.8775,4.0000,0.8231
100615,0,ulti,bells,3.8804,-8.0000,0.9900
100623,1,,,0.0000,0.0000,0.0000
100624,1,,,0.0000,0.0000,0.0000
100625,1,,,0.0000,0.0000,0.0000
100621,0,ulti,bells,2.3309,4.0000,0.8609
100627,1,,,0.0000,0.0000,0.0000
100572,0,ulti,acorns,3.8901,4.0000,0.9908
100629,1,,,0.0000,0.0000,0.0000
100600,0,parti,acorns,0.9977,1.0000,0.9989
100631,1,,,0.0000,0.0000,0.0000
100622,0,parti,hearts,0.8164,2.0000,0.7041
100633,0,ulti,leaves,1.8905,-8.0000,0.8242
100634,0,ulti,leaves,3.8922,4.0000,0.9910
100635,1,,,0.0000,0.0000,0.0000
100636,1,,,0.0000,0.0000,0.0000
100637,1,,,0.0000,0.0000,0.0000
100638,0,ulti,leaves,3.4858,4.0000,0.9572
100630,0,ulti,hearts,7.7807,8.0000,0.9909
100640,1,,,0.0000,0.0000,0.0000
100632,0,ulti,acorns,3.9125,4.0000,0.9927
100639,0,ulti,hearts,2.5117,8.0000,0.7713
100643,0,ulti,acorns,3.8257,4.0000,0.9855
100644,1,,,0.0000,0.0000,0.0000
100620,0,ulti,leaves,3.9988,4.0000,0.9999
100646,1,,,0.0000,0.0000,0.0000
100647,1,,,0.0000,0.0000,0.0000
100648,0,ulti,leaves,2.2952,-8.0000,0.8579
100628,0,parti,acorns,0.8803,1.0000,0.9401
100650,1,,,0.0000,0.0000,0.0000
100651,1,,,0.0000,0.0000,0.0000
100652,1,,,0.0000,0.0000,0.0000
100653,1,,,0.0000,0.0000,0.0000
100641,0,ulti,acorns,3.5809,4.0000,0.9651
100655,1,,,0.0000,0.0000,0.0000
100602,0,ulti,acorns,3.9565,4.0000,0.9964
100654,0,ulti,acorns,3.5709,4.0000,0.9642
100656,0,ulti,leaves,1.7805,4.0000,0.8150
100626,0,parti,bells,0.8343,1.0000,0.9171
100660,1,,,0.0000,0.0000,0.0000
100645,0,ulti,bells,3.1009,-8.0000,0.9251
100642,0,parti,leaves,0.9918,1.0000,0.9959
100663,1,,,0.0000,0.0000,0.0000
100662,0,ulti,leaves,2.6245,4.0000,0.8854
100649,0,parti,hearts,1.9692,2.0000,0.9923
100599,0,ulti,leaves,3.9088,4.0000,0.9924
100659,0,ulti,acorns,2.9143,4.0000,0.9095
100665,0,parti,bells,0.9732,1.0000,0.9866
100666,0,ulti,acorns,3.7086,4.0000,0.9757
100657,0,parti,acorns,0.9204,1.0000,0.9602
100669,0,ulti,acorns,2.5708,-8.0000,0.8809
100672,1,,,0.0000,0.0000,0.0000
100658,0,parti,bells,0.8502,1.0000,0.9251
100668,0,betli,,4.6308,-5.0000,0.9631
100675,1,,,0.0000,0.0000,0.0000
100676,1,,,0.0000,0.0000,0.0000
100677,1,,,0.0000,0.0000,0.0000
100670,0,ulti,bells,3.7553,4.0000,0.9796
100679,1,,,0.0000,0.0000,0.0000
100664,0,parti,hearts,1.4913,2.0000,0.8728
100678,0,ulti,hearts,2.1932,-16.0000,0.7581
100682,1,,,0.0000,0.0000,0.0000
100683,1,,,0.0000,0.0000,0.0000
100684,1,,,0.0000,0.0000,0.0000
100671,0,ulti,bells,3.5076,-8.0000,0.9590
100667,0,parti,hearts,1.4531,2.0000,0.8633
100687,1,,,0.0000,0.0000,0.0000
100673,0,parti,hearts,1.6530,2.0000,0.9132
100686,0,ulti,leaves,3.8314,4.0000,0.9860
100690,1,,,0.0000,0.0000,0.0000
100674,0,ulti,hearts,7.9014,8.0000,0.9959
100689,0,ulti,hearts,6.1005,8.0000,0.9209
100688,0,ulti,acorns,1.8941,-8.0000,0.8245
100691,0,ulti,acorns,2.4584,-8.0000,0.8715
100695,1,,,0.0000,0.0000,0.0000
100696,0,parti,hearts,1.9997,2.0000,0.9999
100697,0,ulti,acorns,3.9972,4.0000,0.9998
100698,1,,,0.0000,0.0000,0.0000
100699,1,,,0.0000,0.0000,0.0000
100700,1,,,0.0000,0.0000,0.0000
100701,1,,,0.0000,0.0000,0.0000
100680,0,ulti,bells,3.9696,4.0000,0.9975
100702,0,ulti,leaves,1.9340,-8.0000,0.8278
100694,0,parti,acorns,0.8525,-1.0000,0.9262
100681,0,ulti,bells,2.1527,4.0000,0.8461
100706,1,,,0.0000,0.0000,0.0000
100692,0,ulti,bells,3.9417,4.0000,0.9951
100693,0,ulti,acorns,3.7268,4.0000,0.9772
100685,0,ulti,hearts,7.9823,8.0000,0.9993
100707,0,ulti,acorns,3.8248,4.0000,0.9854
100705,0,ulti,hearts,7.4748,8.0000,0.9781
100710,0,ulti,hearts,4.9926,-16.0000,0.8747
100713,1,,,0.0000,0.0000,0.0000
100704,0,parti,hearts,1.8612,2.0000,0.9653
100708,0,ulti,bells,1.5344,4.0000,0.7945
100715,0,ulti,acorns,2.2065,-8.0000,0.8505
100661,0,ulti,bells,3.9939,4.0000,0.9995
100718,1,,,0.0000,0.0000,0.0000
100717,0,ulti,bells,2.5074,-8.0000,0.8756
100716,0,parti,leaves,0.5453,-1.0000,0.7727
100719,0,ulti,bells,3.0006,-8.0000,0.9167
100722,0,ulti,hearts,7.9995,8.0000,1.0000
100723,1,,,0.0000,0.0000,0.0000
100724,1,,,0.0000,0.0000,0.0000
100721,0,ulti,acorns,1.6377,-8.0000,0.8031
100725,0,ulti,acorns,2.0627,4.0000,0.8386
100711,0,parti,hearts,0.8705,-2.0000,0.7176
100712,0,ulti,hearts,6.8594,8.0000,0.9525
100729,1,,,0.0000,0.0000,0.0000
100726,0,ulti,bells,3.5841,4.0000,0.9653
100728,0,parti,acorns,0.9674,1.0000,0.9837
100714,0,ulti,hearts,7.8123,8.0000,0.9922
100727,0,parti,hearts,0.6748,-2.0000,0.6687
100733,1,,,0.0000,0.0000,0.0000
100734,1,,,0.0000,0.0000,0.0000
100703,0,ulti,hearts,7.6987,8.0000,0.9874
100731,0,ulti,acorns,1.9083,-8.0000,0.8257
100732,0,ulti,acorns,3.4306,4.0000,0.9525
100730,0,parti,acorns,0.5743,1.0000,0.7872
100709,0,ulti,acorns,3.9971,4.0000,0.9998
100740,1,,,0.0000,0.0000,0.0000
100739,0,ulti,leaves,1.8763,-8.0000,0.8230
100743,1,,,0.0000,0.0000,0.0000
100744,0,ulti,leaves,3.9231,4.0000,0.9936
100745,0,ulti,hearts,5.3736,8.0000,0.8906
100741,0,ulti,bells,3.5265,4.0000,0.9605
100720,0,ulti,acorns,3.9924,4.0000,0.9994
100736,0,parti,hearts,0.5644,2.0000,0.6411
100749,0,ulti,hearts,7.3004,8.0000,0.9709
100750,0,ulti,acorns,2.1206,-8.0000,0.8434
100748,0,parti,hearts,1.9988,2.0000,0.9997
100752,1,,,0.0000,0.0000,0.0000
100751,0,parti,hearts,0.9783,2.0000,0.7446
100754,0,ulti,leaves,3.7185,4.0000,0.9765
100735,0,ulti,acorns,3.9993,4.0000,0.9999
100756,1,,,0.0000,0.0000,0.0000
100738,0,ulti,hearts,7.3374,8.0000,0.9724
100758,1,,,0.0000,0.0000,0.0000
100759,1,,,0.0000,0.0000,0.0000
100760,1,,,0.0000,0.0000,0.0000
100753,0,ulti,acorns,3.8194,4.0000,0.9850
100746,0,parti,bells,0.9962,1.0000,0.9981
100761,0,ulti,acorns,1.7868,4.0000,0.8156
100755,0,parti,hearts,1.0429,2.0000,0.7607
100762,0,ulti,hearts,5.7600,8.0000,0.9067
100764,0,ulti,hearts,3.9015,8.0000,0.8292
100757,0,parti,hearts,1.9763,2.0000,0.9941
100768,1,,,0.0000,0.0000,0.0000
100765,0,ulti,leaves,2.8884,-8.0000,0.9074
100769,1,,,0.0000,0.0000,0.0000
100771,0,parti,hearts,1.2814,2.0000,0.8203
100770,0,parti,hearts,0.9326,2.0000,0.7332
100773,1,,,0.0000,0.0000,0.0000
100767,0,ulti,leaves,2.2398,-8.0000,0.8533
100775,0,ulti,acorns,3.3975,-8.0000,0.9498
100766,0,parti,leaves,0.5418,-1.0000,0.7709
100777,1,,,0.0000,0.0000,0.0000
100747,0,parti,bells,0.5074,-1.0000,0.7537
100778,0,ulti,acorns,3.7319,4.0000,0.9777
100780,1,,,0.0000,0.0000,0.0000
100776,0,parti,hearts,1.9287,2.0000,0.9822
100742,0,ulti,leaves,3.9953,4.0000,0.9996
100782,0,ulti,bells,3.7378,-8.0000,0.9781
100783,0,ulti,leaves,3.1310,4.0000,0.9276
100763,0,parti,leaves,0.5736,1.0000,0.7868
100772,0,ulti,leaves,3.7446,4.0000,0.9787
100784,0,ulti,leaves,3.7187,4.0000,0.9766
100788,0,ulti,hearts,4.8440,8.0000,0.8685
100786,0,ulti,hearts,7.8399,8.0000,0.9933
100789,0,ulti,hearts,5.8904,8.0000,0.9121
100791,1,,,0.0000,0.0000,0.0000
100785,0,parti,hearts,1.9856,2.0000,0.9964
100792,0,ulti,leaves,2.0069,-8.0000,0.8339
100794,1,,,0.0000,0.0000,0.0000
100781,0,ulti,bells,3.1044,4.0000,0.9254
100796,1,,,0.0000,0.0000,0.0000
100797,1,,,0.0000,0.0000,0.0000
100774,0,parti,leaves,0.6510,1.0000,0.8255
100799,0,parti,hearts,1.9997,2.0000,0.9999
100790,0,parti,hearts,1.9274,2.0000,0.9819
100795,0,parti,bells,0.9953,1.0000,0.9977
100779,0,parti,leaves,0.8278,1.0000,0.9139
100803,1,,,0.0000,0.0000,0.0000
100802,0,parti,hearts,1.9999,2.0000,1.0000
100805,1,,,0.0000,0.0000,0.0000
100798,0,ulti,leaves,3.9392,4.0000,0.9949
100806,0,ulti,hearts,6.2183,8.0000,0.9258
100737,0,ulti,leaves,3.9869,4.0000,0.9989
100807,0,parti,hearts,1.8768,-2.0000,0.9692
100810,1,,,0.0000,0.0000,0.0000
100787,0,parti,leaves,0.5032,1.0000,0.7516
100809,0,parti,hearts,1.2999,2.0000,0.8250
100813,1,,,0.0000,0.0000,0.0000
100804,0,ulti,leaves,3.8025,4.0000,0.9835
100815,1,,,0.0000,0.0000,0.0000
100816,1,,,0.0000,0.0000,0.0000
100800,0,ulti,acorns,3.4243,4.0000,0.9520
100801,0,parti,bells,0.9733,1.0000,0.9867
100793,0,ulti,bells,3.9980,4.0000,0.9998
100817,0,ulti,leaves,3.6041,-8.0000,0.9670
100818,0,ulti,acorns,1.8036,4.0000,0.8170
100819,0,ulti,hearts,4.0850,-16.0000,0.8369
100823,1,,,0.0000,0.0000,0.0000
100824,1,,,0.0000,0.0000,0.0000
100820,0,parti,hearts,1.9900,2.0000,0.9975
100808,0,parti,hearts,1.7722,2.0000,0.9431
100827,1,,,0.0000,0.0000,0.0000
100814,0,ulti,bells,3.9769,4.0000,0.9981
100829,1,,,0.0000,0.0000,0.0000
100821,0,ulti,bells,2.6470,4.0000,0.8872
100826,0,ulti,hearts,7.6451,8.0000,0.9852
100830,0,ulti,bells,2.1623,-8.0000,0.8469
100822,0,parti,hearts,1.8749,2.0000,0.9687
100833,0,ulti,bells,3.0703,4.0000,0.9225
100835,1,,,0.0000,0.0000,0.0000
100832,0,parti,bells,0.9895,1.0000,0.9948
100837,1,,,0.0000,0.0000,0.0000
100838,1,,,0.0000,0.0000,0.0000
100839,1,,,0.0000,0.0000,0.0000
100840,1,,,0.0000,0.0000,0.0000
100836,0,ulti,hearts,6.4020,8.0000,0.9334
100825,0,parti,hearts,1.0127,-2.0000,0.7532
100831,0,ulti,hearts,4.2659,8.0000,0.8444
100842,0,ulti,hearts,4.5983,8.0000,0.8583
100845,1,,,0.0000,0.0000,0.0000
100828,0,ulti,hearts,6.4925,-16.0000,0.9372
100847,1,,,0.0000,0.0000,0.0000
100846,1,,,0.0000,0.0000,0.0000
100849,1,,,0.0000,0.0000,0.0000
100848,1,,,0.0000,0.0000,0.0000
100844,0,ulti,leaves,2.5735,-8.0000,0.8811
100852,1,,,0.0000,0.0000,0.0000
100851,0,parti,hearts,2.0000,2.0000,1.0000
100853,0,ulti,hearts,2.7724,-16.0000,0.7822
100855,1,,,0.0000,0.0000,0.0000
100811,0,parti,hearts,1.7942,2.0000,0.9485
100841,0,parti,hearts,1.9890,2.0000,0.9972
100843,0,ulti,leaves,3.9146,4.0000,0.9929
100850,0,ulti,bells,3.9943,4.0000,0.9995
100857,0,parti,hearts,1.8190,-2.0000,0.9548
100860,0,ulti,leaves,3.8937,4.0000,0.9911
100862,1,,,0.0000,0.0000,0.0000
100858,0,parti,bells,0.6156,1.0000,0.8078
100812,0,ulti,hearts,7.9992,8.0000,1.0000
100865,0,betli,,4.9780,5.0000,0.9978
100866,1,,,0.0000,0.0000,0.0000
100856,0,ulti,bells,3.6600,4.0000,0.9717
100861,0,ulti,leaves,3.9941,4.0000,0.9995
100863,0,parti,hearts,1.9892,2.0000,0.9973
100870,1,,,0.0000,0.0000,0.0000
100871,1,,,0.0000,0.0000,0.0000
100872,1,,,0.0000,0.0000,0.0000
100867,0,ulti,bells,2.6670,4.0000,0.8889
100869,0,parti,hearts,1.9980,2.0000,0.9995
100875,1,,,0.0000,0.0000,0.0000
100873,0,parti,hearts,1.1377,-2.0000,0.7844
100874,0,ulti,leaves,2.2495,4.0000,0.8541
100878,1,,,0.0000,0.0000,0.0000
100876,0,ulti,bells,3.6062,-8.0000,0.9672
100879,0,ulti,hearts,4.2752,8.0000,0.8448
100877,0,parti,hearts,1.9997,2.0000,0.9999
100880,0,ulti,acorns,3.1230,-8.0000,0.9269
100868,0,ulti,bells,3.9107,4.0000,0.9926
100883,0,parti,hearts,1.9991,2.0000,0.9998
100885,0,parti,hearts,1.9986,2.0000,0.9996
100882,0,ulti,leaves,3.9762,4.0000,0.9980
100887,1,,,0.0000,0.0000,0.0000
100886,0,ulti,hearts,5.5769,-16.0000,0.8990
100889,1,,,0.0000,0.0000,0.0000
100890,1,,,0.0000,0.0000,0.0000
100854,0,ulti,hearts,7.9434,8.0000,0.9976
100859,0,ulti,bells,4.0000,4.0000,1.0000
100888,0,ulti,leaves,3.7184,4.0000,0.9765
100894,0,ulti,hearts,1.8004,-16.0000,0.7417
100895,0,ulti,bells,3.1119,4.0000,0.9260
100881,0,ulti,hearts,7.9719,8.0000,0.9988
100897,1,,,0.0000,0.0000,0.0000
100896,0,ulti,hearts,3.4562,-16.0000,0.8107
100834,0,ulti,hearts,7.7492,8.0000,0.9896
100891,0,ulti,acorns,3.9359,4.0000,0.9947
100898,0,ulti,hearts,4.1810,8.0000,0.8409
100900,0,parti,leaves,0.6712,-1.0000,0.8356
100903,1,,,0.0000,0.0000,0.0000
100904,1,,,0.0000,0.0000,0.0000
100902,0,ulti,bells,2.6313,-8.0000,0.8859
100906,1,,,0.0000,0.0000,0.0000
100892,0,parti,hearts,1.0975,-2.0000,0.7744
100901,0,parti,hearts,1.6920,-2.0000,0.9230
100905,0,parti,leaves,0.9985,1.0000,0.9993
100910,0,ulti,leaves,2.6822,4.0000,0.8902
100899,0,ulti,bells,3.9065,4.0000,0.9922
100912,1,,,0.0000,0.0000,0.0000
100908,0,ulti,hearts,4.8596,8.0000,0.8692
100907,0,parti,hearts,1.7740,-2.0000,0.9435
100915,1,,,0.0000,0.0000,0.0000
100911,0,ulti,hearts,3.9480,-16.0000,0.8312
100916,0,ulti,hearts,6.3542,8.0000,0.9314
100918,1,,,0.0000,0.0000,0.0000
100919,1,,,0.0000,0.0000,0.0000
100909,0,ulti,hearts,7.9696,8.0000,0.9987
100921,1,,,0.0000,0.0000,0.0000
100893,0,parti,hearts,1.5268,-2.0000,0.8817
100923,1,,,0.0000,0.0000,0.0000
100917,0,ulti,hearts,7.9130,8.0000,0.9964
100864,0,ulti,leaves,3.9879,4.0000,0.9990
100926,1,,,0.0000,0.0000,0.0000
100913,0,ulti,leaves,3.8145,4.0000,0.9845
100928,1,,,0.0000,0.0000,0.0000
100927,0,ulti,bells,3.7818,-8.0000,0.9818
100925,0,ulti,hearts,6.4986,8.0000,0.9374
100922,0,parti,leaves,0.9999,1.0000,0.9999
100930,0,ulti,leaves,2.2742,4.0000,0.8562
100933,1,,,0.0000,0.0000,0.0000
100932,0,ulti,hearts,3.7980,-16.0000,0.8249
100920,0,ulti,bells,3.8933,4.0000,0.9911
100931,0,ulti,bells,1.9079,-8.0000,0.8257
100914,0,parti,acorns,0.9912,1.0000,0.9956
100884,0,ulti,hearts,7.9738,8.0000,0.9989
100936,0,parti,hearts,1.9990,2.0000,0.9997
100940,1,,,0.0000,0.0000,0.0000
100924,0,parti,acorns,0.9873,1.0000,0.9936
100937,0,parti,leaves,0.9881,1.0000,0.9940
100943,1,,,0.0000,0.0000,0.0000
100944,1,,,0.0000,0.0000,0.0000
100945,1,,,0.0000,0.0000,0.0000
100934,0,ulti,leaves,3.9206,4.0000,0.9934
100947,1,,,0.0000,0.0000,0.0000
100948,1,,,0.0000,0.0000,0.0000
100942,0,ulti,hearts,4.7432,8.0000,0.8643
100946,0,ulti,bells,3.6275,4.0000,0.9690
100941,0,ulti,bells,3.8607,4.0000,0.9884
100952,1,,,0.0000,0.0000,0.0000
100938,0,ulti,hearts,7.6586,-16.0000,0.9858
100949,0,ulti,acorns,3.6437,4.0000,0.9703
100953,0,parti,hearts,1.4322,-2.0000,0.8580
100951,0,parti,acorns,0.9975,1.0000,0.9987
100957,1,,,0.0000,0.0000,0.0000
100950,0,ulti,acorns,3.3785,4.0000,0.9482
100959,0,ulti,acorns,3.4510,-8.0000,0.9542
100960,0,parti,leaves,0.9953,1.0000,0.9977
100939,0,ulti,bells,3.9945,4.0000,0.9995
100955,0,ulti,hearts,7.8502,8.0000,0.9938
100963,1,,,0.0000,0.0000,0.0000
100964,1,,,0.0000,0.0000,0.0000
100961,0,ulti,bells,3.0298,4.0000,0.9191
100965,0,ulti,leaves,2.8502,4.0000,0.9042
100954,0,parti,leaves,0.7609,1.0000,0.8805
100968,0,ulti,acorns,3.0464,-8.0000,0.9205
100969,1,,,0.0000,0.0000,0.0000
100970,1,,,0.0000,0.0000,0.0000
100935,0,parti,bells,0.8384,1.0000,0.9192
100972,1,,,0.0000,0.0000,0.0000
100973,1,,,0.0000,0.0000,0.0000
100962,0,ulti,bells,3.8685,4.0000,0.9890
100956,0,parti,leaves,0.8462,1.0000,0.9231
100976,1,,,0.0000,0.0000,0.0000
100975,0,parti,hearts,0.7751,-2.0000,0.6938
100978,0,ulti,leaves,3.8362,4.0000,0.9863
100979,1,,,0.0000,0.0000,0.0000
100980,1,,,0.0000,0.0000,0.0000
100977,0,ulti,leaves,1.9408,-8.0000,0.8284
100981,0,ulti,hearts,7.9645,8.0000,0.9985
100974,0,parti,bells,0.8481,1.0000,0.9240
100984,1,,,0.0000,0.0000,0.0000
100985,1,,,0.0000,0.0000,0.0000
100986,1,,,0.0000,0.0000,0.0000
100987,1,,,0.0000,0.0000,0.0000
100971,0,parti,leaves,0.9012,1.0000,0.9506
100989,1,,,0.0000,0.0000,0.0000
100990,1,,,0.0000,0.0000,0.0000
100991,1,,,0.0000,0.0000,0.0000
100988,0,ulti,bells,3.9698,4.0000,0.9975
100958,0,parti,hearts,1.8371,2.0000,0.9593
100982,0,ulti,acorns,3.8436,4.0000,0.9870
100994,0,parti,hearts,1.9990,2.0000,0.9997
100995,0,ulti,hearts,5.3467,8.0000,0.8894
100997,0,ulti,hearts,2.8828,-16.0000,0.7868
100993,0,ulti,hearts,7.9973,8.0000,0.9999
100996,0,parti,hearts,0.6269,-2.0000,0.6567
101000,1,,,0.0000,0.0000,0.0000
101001,1,,,0.0000,0.0000,0.0000
100999,0,ulti,hearts,6.7624,8.0000,0.9484
100998,0,ulti,acorns,3.7486,4.0000,0.9791
101004,0,ulti,hearts,4.5649,-16.0000,0.8569
100929,0,ulti,bells,3.9999,4.0000,1.0000
101006,1,,,0.0000,0.0000,0.0000
100983,0,parti,leaves,0.9515,-1.0000,0.9757
101002,0,parti,bells,0.9655,1.0000,0.9827
101005,0,ulti,acorns,3.4452,4.0000,0.9538
100966,0,ulti,acorns,3.9986,4.0000,0.9999
101011,1,,,0.0000,0.0000,0.0000
100992,0,ulti,hearts,7.9937,8.0000,0.9997
101013,1,,,0.0000,0.0000,0.0000
101003,0,ulti,leaves,3.7408,4.0000,0.9784
101009,0,ulti,leaves,2.2435,4.0000,0.8536
101007,0,ulti,leaves,3.9516,4.0000,0.9960
101012,0,ulti,leaves,3.1727,4.0000,0.9311
101018,1,,,0.0000,0.0000,0.0000
101016,0,ulti,acorns,3.9855,4.0000,0.9988
101014,0,ulti,acorns,3.7272,4.0000,0.9773
101010,0,ulti,acorns,3.9301,4.0000,0.9942
101022,1,,,0.0000,0.0000,0.0000
101023,0,ulti,leaves,2.4681,-8.0000,0.8723
101017,0,parti,hearts,1.5143,2.0000,0.8786
101015,0,ulti,bells,3.9542,4.0000,0.9962
101021,0,ulti,leaves,3.9958,4.0000,0.9997
101024,0,ulti,hearts,7.7095,-16.0000,0.9879
101028,1,,,0.0000,0.0000,0.0000
101025,0,ulti,hearts,7.6423,8.0000,0.9851
101026,0,ulti,bells,3.9920,4.0000,0.9993
101030,0,ulti,leaves,3.9718,4.0000,0.9977
101031,0,ulti,leaves,3.0507,4.0000,0.9209
101020,0,ulti,bells,3.8474,4.0000,0.9873
101034,1,,,0.0000,0.0000,0.0000
101032,0,ulti,leaves,2.3686,4.0000,0.8640
101035,0,ulti,leaves,2.1514,-8.0000,0.8459
101036,0,ulti,bells,3.7254,-8.0000,0.9771
101033,0,ulti,hearts,7.7297,-16.0000,0.9887
101039,1,,,0.0000,0.0000,0.0000
101038,0,ulti,acorns,1.7026,4.0000,0.8085
101008,0,ulti,hearts,7.9771,8.0000,0.9990
101027,0,ulti,bells,3.0575,4.0000,0.9215
101029,0,ulti,bells,3.9457,4.0000,0.9955
101044,1,,,0.0000,0.0000,0.0000
101045,1,,,0.0000,0.0000,0.0000
101019,0,parti,acorns,0.8998,1.0000,0.9499
101037,0,parti,hearts,0.5769,-2.0000,0.6442
101040,0,parti,hearts,1.9788,2.0000,0.9947
101041,0,ulti,bells,2.3589,4.0000,0.8632
101042,0,parti,hearts,1.6322,2.0000,0.9081
101043,0,parti,hearts,1.9357,2.0000,0.9839
101047,0,ulti,bells,2.1559,4.0000,0.8463
101053,1,,,0.0000,0.0000,0.0000
101050,0,ulti,hearts,4.8847,8.0000,0.8702
101055,1,,,0.0000,0.0000,0.0000
101049,0,parti,hearts,1.9894,2.0000,0.9974
101051,0,ulti,hearts,7.8551,8.0000,0.9940
101058,1,,,0.0000,0.0000,0.0000
101059,1,,,0.0000,0.0000,0.0000
101052,0,ulti,leaves,1.8867,-8.0000,0.8239
101054,0,ulti,hearts,4.3965,8.0000,0.8499
101062,1,,,0.0000,0.0000,0.0000
101048,0,ulti,bells,3.5776,4.0000,0.9648
101064,1,,,0.0000,0.0000,0.0000
101065,1,,,0.0000,0.0000,0.0000
101060,0,parti,acorns,0.9470,1.0000,0.9735
101067,1,,,0.0000,0.0000,0.0000
101068,0,ulti,hearts,4.5021,-16.0000,0.8543
101069,1,,,0.0000,0.0000,0.0000
101070,1,,,0.0000,0.0000,0.0000
101061,0,parti,acorns,0.8343,1.0000,0.9171
101072,1,,,0.0000,0.0000,0.0000
101073,1,,,0.0000,0.0000,0.0000
100967,0,ulti,hearts,7.9999,8.0000,1.0000
101075,1,,,0.0000,0.0000,0.0000
101076,1,,,0.0000,0.0000,0.0000
101071,0,ulti,leaves,3.6064,4.0000,0.9672
101063,0,ulti,bells,3.3084,4.0000,0.9424
101079,1,,,0.0000,0.0000,0.0000
101057,0,ulti,acorns,3.9381,4.0000,0.9948
101077,0,ulti,leaves,3.8193,4.0000,0.9849
101081,0,parti,hearts,1.6540,-2.0000,0.9135
101083,1,,,0.0000,0.0000,0.0000
101084,1,,,0.0000,0.0000,0.0000
101066,0,ulti,hearts,6.6697,8.0000,0.9446
101078,0,ulti,acorns,3.1712,4.0000,0.9309
101087,1,,,0.0000,0.0000,0.0000
101056,0,parti,leaves,0.9350,1.0000,0.9675
101089,1,,,0.0000,0.0000,0.0000
101046,0,ulti,hearts,7.8805,8.0000,0.9950
101086,0,parti,hearts,1.5158,2.0000,0.8789
101092,1,,,0.0000,0.0000,0.0000
101093,1,,,0.0000,0.0000,0.0000
101094,1,,,0.0000,0.0000,0.0000
101091,0,ulti,leaves,3.4557,4.0000,0.9546
101080,0,ulti,bells,3.9656,4.0000,0.9971
101096,0,ulti,bells,1.7677,4.0000,0.8140
101097,1,,,0.0000,0.0000,0.0000
101090,0,parti,bells,0.9749,1.0000,0.9875
101074,0,ulti,bells,3.9964,4.0000,0.9997
101101,1,,,0.0000,0.0000,0.0000
101088,0,parti,hearts,1.9412,2.0000,0.9853
101100,0,ulti,acorns,3.6202,4.0000,0.9683
101104,1,,,0.0000,0.0000,0.0000
101095,0,parti,acorns,0.9926,1.0000,0.9963
101103,0,parti,acorns,0.9659,1.0000,0.9829
101107,1,,,0.0000,0.0000,0.0000
101102,0,ulti,hearts,7.9086,8.0000,0.9962
101098,0,ulti,acorns,2.5414,4.0000,0.8785
101099,0,ulti,hearts,4.6856,8.0000,0.8619
101108,0,parti,bells,0.9890,1.0000,0.9945
101085,0,parti,hearts,1.9715,-2.0000,0.9929
101113,1,,,0.0000,0.0000,0.0000
101111,0,ulti,leaves,1.5961,-8.0000,0.7997
101109,0,ulti,acorns,3.7124,4.0000,0.9760
101115,0,ulti,acorns,3.1702,4.0000,0.9308
101110,0,ulti,leaves,3.9511,4.0000,0.9959
101117,0,parti,hearts,1.8630,2.0000,0.9657
101119,1,,,0.0000,0.0000,0.0000
101118,0,ulti,acorns,3.7332,-8.0000,0.9778
101121,0,ulti,bells,1.5264,-8.0000,0.7939
101120,0,ulti,hearts,2.7638,8.0000,0.7818
101123,0,ulti,hearts,2.0292,8.0000,0.7512
101124,0,ulti,bells,2.9255,4.0000,0.9105
101105,0,ulti,hearts,7.3779,8.0000,0.9741
101082,0,ulti,hearts,7.9958,8.0000,0.9998
101127,1,,,0.0000,0.0000,0.0000
101128,0,ulti,leaves,3.8034,-8.0000,0.9836
101126,0,ulti,hearts,4.5944,-16.0000,0.8581
101114,0,parti,bells,0.9971,1.0000,0.9985
101131,1,,,0.0000,0.0000,0.0000
101132,1,,,0.0000,0.0000,0.0000
101112,0,ulti,bells,3.9744,4.0000,0.9979
101134,1,,,0.0000,0.0000,0.0000
101129,0,ulti,hearts,2.4981,8.0000,0.7708
101133,0,ulti,leaves,3.6644,4.0000,0.9720
101116,0,ulti,hearts,7.8711,8.0000,0.9946
101125,0,ulti,hearts,5.3894,8.0000,0.8912
101122,0,parti,hearts,1.6023,2.0000,0.9006
101140,1,,,0.0000,0.0000,0.0000
101136,0,ulti,acorns,3.7454,4.0000,0.9788
101142,1,,,0.0000,0.0000,0.0000
101135,0,parti,hearts,1.9972,2.0000,0.9993
101130,0,parti,hearts,1.9730,2.0000,0.9933
101138,0,ulti,acorns,2.7264,-8.0000,0.8939
101141,0,ulti,bells,3.5435,-8.0000,0.9620
101147,1,,,0.0000,0.0000,0.0000
101137,0,ulti,acorns,3.7731,4.0000,0.9811
101144,0,ulti,hearts,2.3451,-16.0000,0.7644
101150,1,,,0.0000,0.0000,0.0000
101151,1,,,0.0000,0.0000,0.0000
101145,0,ulti,hearts,7.9750,8.0000,0.9990
101153,1,,,0.0000,0.0000,0.0000
101148,0,ulti,hearts,6.0116,-16.0000,0.9172
101143,0,ulti,bells,3.3848,4.0000,0.9487
101152,0,ulti,hearts,7.9919,8.0000,0.9997
101157,1,,,0.0000,0.0000,0.0000
101156,0,ulti,hearts,6.1042,8.0000,0.9210
101149,0,ulti,bells,3.9913,4.0000,0.9993
101158,0,parti,hearts,1.9895,2.0000,0.9974
101161,1,,,0.0000,0.0000,0.0000
101146,0,parti,bells,0.8748,1.0000,0.9374
101160,0,ulti,bells,2.5597,4.0000,0.8800
101139,0,ulti,leaves,3.9996,4.0000,1.0000
101165,1,,,0.0000,0.0000,0.0000
101163,0,ulti,hearts,6.8630,-16.0000,0.9526
101159,0,ulti,acorns,2.7433,4.0000,0.8953
101168,1,,,0.0000,0.0000,0.0000
101169,1,,,0.0000,0.0000,0.0000
101154,0,ulti,acorns,3.9996,4.0000,1.0000
101170,0,ulti,leaves,2.7247,4.0000,0.8937
101171,0,parti,hearts,1.9663,2.0000,0.9916
101155,0,ulti,hearts,7.5090,8.0000,0.9795
101164,0,ulti,leaves,3.7447,4.0000,0.9787
101166,0,ulti,bells,2.4974,-8.0000,0.8748
101176,1,,,0.0000,0.0000,0.0000
101177,0,ulti,leaves,2.9795,-8.0000,0.9150
101172,0,parti,hearts,0.8001,2.0000,0.7000
101175,0,parti,hearts,1.9627,2.0000,0.9907
101179,0,parti,hearts,2.0000,2.0000,1.0000
101181,1,,,0.0000,0.0000,0.0000
101106,0,parti,acorns,0.9178,1.0000,0.9589
101162,0,parti,acorns,0.8847,1.0000,0.9424
101178,0,parti,leaves,0.6689,1.0000,0.8344
101183,0,parti,leaves,0.7444,1.0000,0.8722
101185,0,parti,hearts,1.9836,2.0000,0.9959
101182,0,ulti,acorns,3.9991,4.0000,0.9999
101188,1,,,0.0000,0.0000,0.0000
101189,1,,,0.0000,0.0000,0.0000
101190,1,,,0.0000,0.0000,0.0000
101191,1,,,0.0000,0.0000,0.0000
101192,0,ulti,bells,3.2712,4.0000,0.9393
101184,0,parti,hearts,1.4606,-2.0000,0.8652
101167,0,parti,hearts,1.6718,2.0000,0.9179
101195,0,ulti,hearts,7.3133,8.0000,0.9714
101173,0,ulti,acorns,3.7918,4.0000,0.9826
101194,0,parti,hearts,1.9675,2.0000,0.9919
101196,0,ulti,leaves,1.5787,-8.0000,0.7982
101197,0,ulti,leaves,3.7011,4.0000,0.9751
101200,1,,,0.0000,0.0000,0.0000
101186,0,ulti,hearts,7.3257,8.0000,0.9719
101202,1,,,0.0000,0.0000,0.0000
101180,0,parti,hearts,1.1687,2.0000,0.7922
101204,1,,,0.0000,0.0000,0.0000
101205,1,,,0.0000,0.0000,0.0000
101187,0,parti,hearts,1.9473,2.0000,0.9868
101207,0,parti,hearts,1.9976,2.0000,0.9994
101201,0,parti,hearts,1.3237,-2.0000,0.8309
101199,0,parti,hearts,1.6305,2.0000,0.9076
101210,1,,,0.0000,0.0000,0.0000
101206,0,ulti,leaves,3.8065,-8.0000,0.9839
101209,0,ulti,leaves,3.6737,4.0000,0.9728
101211,0,ulti,hearts,4.1816,-16.0000,0.8409
101213,0,ulti,acorns,3.9228,4.0000,0.9936
101215,1,,,0.0000,0.0000,0.0000
101216,1,,,0.0000,0.0000,0.0000
101217,0,ulti,acorns,3.0675,-8.0000,0.9223
101218,1,,,0.0000,0.0000,0.0000
101219,1,,,0.0000,0.0000,0.0000
101198,0,ulti,bells,3.9995,4.0000,1.0000
101174,0,parti,leaves,0.7073,1.0000,0.8536
101222,1,,,0.0000,0.0000,0.0000
101220,0,ulti,bells,2.0532,4.0000,0.8378
101193,0,ulti,hearts,7.9784,8.0000,0.9991
101225,1,,,0.0000,0.0000,0.0000
101221,0,parti,hearts,1.8044,2.0000,0.9511
101212,0,parti,bells,0.7419,-1.0000,0.8710
101226,0,ulti,hearts,6.4176,8.0000,0.9341
101229,0,ulti,leaves,3.4289,-8.0000,0.9524
101208,0,ulti,hearts,7.3308,8.0000,0.9721
101231,1,,,0.0000,0.0000,0.0000
101214,0,parti,hearts,1.7636,2.0000,0.9409
101223,0,ulti,bells,3.9499,4.0000,0.9958
101234,1,,,0.0000,0.0000,0.0000
101228,0,ulti,hearts,7.9380,8.0000,0.9974
101224,0,ulti,bells,3.9217,4.0000,0.9935
101203,0,ulti,leaves,3.9989,4.0000,0.9999
101238,1,,,0.0000,0.0000,0.0000
101239,1,,,0.0000,0.0000,0.0000
101240,1,,,0.0000,0.0000,0.0000
101232,0,parti,bells,0.5069,-1.0000,0.7535
101242,1,,,0.0000,0.0000,0.0000
101227,0,ulti,leaves,3.8321,4.0000,0.9860
101235,0,ulti,bells,3.9764,4.0000,0.9980
101244,0,ulti,leaves,3.9951,4.0000,0.9996
101245,0,parti,hearts,1.8678,2.0000,0.9670
101247,1,,,0.0000,0.0000,0.0000
101248,1,,,0.0000,0.0000,0.0000
101243,0,ulti,hearts,7.9362,8.0000,0.9973
101230,0,ulti,acorns,3.9747,4.0000,0.9979
101251,1,,,0.0000,0.0000,0.0000
101249,0,ulti,leaves,2.8517,-8.0000,0.9043
101237,0,parti,hearts,1.3989,2.0000,0.8497
101254,1,,,0.0000,0.0000,0.0000
101250,0,ulti,leaves,1.9949,4.0000,0.8329
101252,0,parti,hearts,1.1800,-2.0000,0.7950
101236,0,parti,hearts,0.9048,-2.0000,0.7262
101241,0,ulti,hearts,6.9358,8.0000,0.9557
101257,0,ulti,hearts,6.3237,8.0000,0.9302
101255,0,ulti,acorns,2.2703,4.0000,0.8559
101253,0,parti,hearts,1.4600,2.0000,0.8650
101262,1,,,0.0000,0.0000,0.0000
101263,1,,,0.0000,0.0000,0.0000
101258,0,ulti,acorns,3.6760,4.0000,0.9730
101256,0,ulti,hearts,7.8853,8.0000,0.9952
101264,0,ulti,bells,3.4493,4.0000,0.9541
101261,0,ulti,hearts,5.1561,-16.0000,0.8815
101268,0,ulti,leaves,1.5019,-8.0000,0.7918
101269,1,,,0.0000,0.0000,0.0000
101266,0,ulti,hearts,7.8111,8.0000,0.9921
101246,0,ulti,bells,3.0505,-8.0000,0.9209
101260,0,parti,hearts,1.6109,2.0000,0.9027
101273,1,,,0.0000,0.0000,0.0000
101270,0,parti,leaves,0.8224,-1.0000,0.9112
101274,1,,,0.0000,0.0000,0.0000
101275,1,,,0.0000,0.0000,0.0000
101276,1,,,0.0000,0.0000,0.0000
101271,0,ulti,hearts,4.1194,-16.0000,0.8383
101279,1,,,0.0000,0.0000,0.0000
101280,1,,,0.0000,0.0000,0.0000
101278,0,parti,hearts,1.5146,-2.0000,0.8786
101272,0,parti,bells,0.9990,1.0000,0.9995
101277,0,ulti,hearts,7.8656,8.0000,0.9944
101284,1,,,0.0000,0.0000,0.0000
101285,1,,,0.0000,0.0000,0.0000
101282,0,ulti,hearts,4.5552,-16.0000,0.8565
101286,0,ulti,hearts,2.3885,-16.0000,0.7662
101288,1,,,0.0000,0.0000,0.0000
101267,0,ulti,leaves,3.6462,4.0000,0.9705
101283,0,ulti,leaves,2.6384,4.0000,0.8865
101291,1,,,0.0000,0.0000,0.0000
101289,0,ulti,acorns,1.8322,4.0000,0.8193
101281,0,parti,leaves,0.8965,-1.0000,0.9483
101290,0,ulti,bells,3.5457,4.0000,0.9621
101293,0,parti,hearts,1.9650,2.0000,0.9912
101287,0,ulti,hearts,5.9274,8.0000,0.9136
101295,0,ulti,bells,3.8046,4.0000,0.9837
101233,0,ulti,hearts,7.9978,8.0000,0.9999
101296,0,ulti,acorns,3.9645,4.0000,0.9970
101300,1,,,0.0000,0.0000,0.0000
101294,0,parti,hearts,0.9352,2.0000,0.7338
101302,1,,,0.0000,0.0000,0.0000
101298,0,parti,hearts,0.9848,-2.0000,0.7462
101265,0,ulti,leaves,3.9851,4.0000,0.9988
101299,0,ulti,bells,2.6021,4.0000,0.8835
101306,1,,,0.0000,0.0000,0.0000
101307,1,,,0.0000,0.0000,0.0000
101303,0,parti,bells,0.6540,-1.0000,0.8270
101309,1,,,0.0000,0.0000,0.0000
101308,0,ulti,hearts,7.9984,8.0000,0.9999
101311,1,,,0.0000,0.0000,0.0000
101305,0,ulti,acorns,3.5965,4.0000,0.9664
101304,0,parti,hearts,1.1573,2.0000,0.7893
101297,0,parti,acorns,0.9912,1.0000,0.9956
101292,0,ulti,acorns,3.9438,4.0000,0.9953
101312,0,parti,bells,0.5874,-1.0000,0.7937
101317,1,,,0.0000,0.0000,0.0000
101301,0,parti,hearts,0.7757,2.0000,0.6939
101318,0,ulti,leaves,2.5008,-8.0000,0.8751
101316,0,ulti,bells,3.9664,4.0000,0.9972
101321,1,,,0.0000,0.0000,0.0000
101320,0,parti,hearts,1.9999,2.0000,1.0000
101322,0,ulti,leaves,3.6810,4.0000,0.9734
101310,0,ulti,bells,3.6190,4.0000,0.9683
101325,1,,,0.0000,0.0000,0.0000
101324,0,ulti,hearts,6.4911,8.0000,0.9371
101327,1,,,0.0000,0.0000,0.0000
101314,0,ulti,leaves,3.7372,4.0000,0.9781
101319,0,ulti,bells,3.8217,-8.0000,0.9851
101315,0,ulti,acorns,3.5162,4.0000,0.9597
101329,0,ulti,bells,3.1398,4.0000,0.9283
101330,0,ulti,hearts,7.9337,8.0000,0.9972
101313,0,parti,hearts,1.8085,2.0000,0.9521
101333,0,ulti,hearts,6.9251,8.0000,0.9552
101332,0,parti,hearts,1.6590,2.0000,0.9147
101328,0,parti,hearts,1.7748,-2.0000,0.9437
101331,0,ulti,acorns,3.9751,4.0000,0.9979
101335,0,ulti,hearts,5.1311,8.0000,0.8805
101339,1,,,0.0000,0.0000,0.0000
101340,1,,,0.0000,0.0000,0.0000
101336,0,ulti,hearts,5.3006,8.0000,0.8875
101323,0,parti,leaves,0.9179,-1.0000,0.9589
101337,0,parti,bells,0.9831,1.0000,0.9915
101343,0,parti,acorns,0.8216,1.0000,0.9108
101345,0,ulti,bells,2.5134,-8.0000,0.8761
101344,0,ulti,leaves,1.8586,-8.0000,0.8215
101347,1,,,0.0000,0.0000,0.0000
101342,0,parti,leaves,0.7740,1.0000,0.8870
101349,1,,,0.0000,0.0000,0.0000
101341,0,ulti,acorns,3.9554,4.0000,0.9963
101351,1,,,0.0000,0.0000,0.0000
101352,1,,,0.0000,0.0000,0.0000
101353,0,ulti,acorns,1.5561,-8.0000,0.7963
101348,0,ulti,leaves,3.0787,4.0000,0.9232
101350,0,parti,hearts,0.8475,-2.0000,0.7119
101354,0,parti,leaves,0.9987,1.0000,0.9994
101355,0,ulti,leaves,3.9399,4.0000,0.9950
101358,1,,,0.0000,0.0000,0.0000
101259,0,ulti,leaves,3.9954,4.0000,0.9996
101356,0,parti,hearts,1.9700,2.0000,0.9925
101361,1,,,0.0000,0.0000,0.0000
101362,1,,,0.0000,0.0000,0.0000
101346,0,ulti,bells,3.9271,4.0000,0.9939
101359,0,ulti,hearts,2.7374,-16.0000,0.7807
101360,0,ulti,leaves,2.1441,-8.0000,0.8453
101366,1,,,0.0000,0.0000,0.0000
101364,0,parti,hearts,1.9997,2.0000,0.9999
101357,0,parti,bells,0.9886,1.0000,0.9943
101365,0,parti,hearts,1.2420,-2.0000,0.8105
101363,0,ulti,acorns,3.1964,4.0000,0.9330
101371,1,,,0.0000,0.0000,0.0000
101367,0,ulti,hearts,4.7300,-16.0000,0.8637
101373,1,,,0.0000,0.0000,0.0000
101369,0,ulti,acorns,2.5034,4.0000,0.8753
101368,0,parti,hearts,1.5016,2.0000,0.8754
101374,0,ulti,bells,3.5585,4.0000,0.9632
101375,0,ulti,acorns,3.6269,-8.0000,0.9689
101338,0,ulti,acorns,3.9680,4.0000,0.9973
101379,0,parti,leaves,0.9979,1.0000,0.9989
101380,1,,,0.0000,0.0000,0.0000
101326,0,ulti,bells,3.9685,4.0000,0.9974
101378,0,ulti,bells,3.6256,4.0000,0.9688
101383,1,,,0.0000,0.0000,0.0000
101372,0,ulti,hearts,6.5569,-16.0000,0.9399
101385,1,,,0.0000,0.0000,0.0000
101386,1,,,0.0000,0.0000,0.0000
101376,0,parti,leaves,0.6888,-1.0000,0.8444
101388,0,betli,,4.9774,5.0000,0.9977
101381,0,ulti,acorns,3.6133,4.0000,0.9678
101384,0,ulti,hearts,6.4779,-16.0000,0.9366
101377,0,ulti,acorns,3.7408,4.0000,0.9784
101390,0,ulti,hearts,5.6155,8.0000,0.9006
101393,1,,,0.0000,0.0000,0.0000
101387,0,ulti,acorns,3.9971,4.0000,0.9998
101334,0,ulti,acorns,3.9981,4.0000,0.9998
101396,1,,,0.0000,0.0000,0.0000
101397,1,,,0.0000,0.0000,0.0000
101370,0,parti,bells,0.8714,1.0000,0.9357
101395,0,parti,hearts,2.0000,2.0000,1.0000
101400,1,,,0.0000,0.0000,0.0000
101392,0,ulti,bells,2.9501,4.0000,0.9125
101399,0,ulti,leaves,1.6197,-8.0000,0.8016
101382,0,ulti,leaves,3.9957,4.0000,0.9996
101391,0,ulti,acorns,3.3512,4.0000,0.9459
101405,1,,,0.0000,0.0000,0.0000
101404,0,ulti,acorns,1.9331,-8.0000,0.8278
101389,0,ulti,acorns,3.9021,4.0000,0.9918
101394,0,parti,leaves,0.6998,-1.0000,0.8499
101409,1,,,0.0000,0.0000,0.0000
101407,0,parti,hearts,1.0329,-2.0000,0.7582
101402,0,ulti,leaves,3.9757,4.0000,0.9980
101412,1,,,0.0000,0.0000,0.0000
101398,0,ulti,hearts,4.9205,8.0000,0.8717
101401,0,ulti,leaves,3.6452,4.0000,0.9704
101411,0,ulti,leaves,3.8691,4.0000,0.9891
101416,1,,,0.0000,0.0000,0.0000
101417,1,,,0.0000,0.0000,0.0000
101415,0,ulti,acorns,3.6154,-8.0000,0.9679
101413,0,ulti,hearts,6.7319,8.0000,0.9472
101418,0,ulti,hearts,7.7237,8.0000,0.9885
101421,1,,,0.0000,0.0000,0.0000
101422,1,,,0.0000,0.0000,0.0000
101406,0,ulti,hearts,7.6704,8.0000,0.9863
101408,0,ulti,hearts,7.4845,8.0000,0.9785
101410,0,ulti,hearts,7.9556,8.0000,0.9981
101424,0,ulti,leaves,3.9218,4.0000,0.9935
101427,1,,,0.0000,0.0000,0.0000
101425,0,ulti,leaves,2.9482,4.0000,0.9123
101429,1,,,0.0000,0.0000,0.0000
101430,1,,,0.0000,0.0000,0.0000
101419,0,ulti,hearts,3.3401,-16.0000,0.8058
101423,0,ulti,bells,3.6878,4.0000,0.9740
101433,1,,,0.0000,0.0000,0.0000
101426,0,parti,hearts,1.9582,2.0000,0.9895
101435,1,,,0.0000,0.0000,0.0000
101434,0,ulti,leaves,1.5841,4.0000,0.7987
101436,0,parti,hearts,1.9997,2.0000,0.9999
101438,1,,,0.0000,0.0000,0.0000
101439,1,,,0.0000,0.0000,0.0000
101431,0,ulti,hearts,7.8645,8.0000,0.9944
101428,0,ulti,bells,3.9573,4.0000,0.9964
101442,0,ulti,hearts,6.3902,8.0000,0.9329
101443,1,,,0.0000,0.0000,0.0000
101432,0,ulti,hearts,6.6854,8.0000,0.9452
101437,0,parti,hearts,1.9813,-2.0000,0.9953
101446,1,,,0.0000,0.0000,0.0000
101403,0,parti,acorns,0.8977,1.0000,0.9489
101414,0,ulti,bells,3.9466,4.0000,0.9955
101449,1,,,0.0000,0.0000,0.0000
101444,0,ulti,acorns,3.8783,4.0000,0.9899
101451,1,,,0.0000,0.0000,0.0000
101447,0,parti,leaves,0.9867,1.0000,0.9933
101453,1,,,0.0000,0.0000,0.0000
101454,1,,,0.0000,0.0000,0.0000
101455,1,,,0.0000,0.0000,0.0000
101456,1,,,0.0000,0.0000,0.0000
101440,0,ulti,leaves,3.7465,4.0000,0.9789
101448,0,ulti,hearts,3.9860,8.0000,0.8327
101458,1,,,0.0000,0.0000,0.0000
101445,0,parti,acorns,0.7239,-1.0000,0.8619
101450,0,ulti,hearts,7.9838,8.0000,0.9993
101459,0,ulti,hearts,2.0002,-16.0000,0.7500
101457,0,ulti,bells,3.2313,4.0000,0.9359
101460,0,ulti,acorns,3.9190,4.0000,0.9932
101465,1,,,0.0000,0.0000,0.0000
101466,1,,,0.0000,0.0000,0.0000
101461,0,ulti,hearts,2.5690,-16.0000,0.7737
101468,1,,,0.0000,0.0000,0.0000
101452,0,ulti,hearts,7.7021,8.0000,0.9876
101441,0,ulti,leaves,3.9927,4.0000,0.9994
101464,0,parti,hearts,1.8294,2.0000,0.9573
101420,0,ulti,hearts,7.8915,8.0000,0.9955
101469,0,parti,bells,0.6792,1.0000,0.8396
101473,0,ulti,bells,3.9527,4.0000,0.9961
101472,0,parti,acorns,0.9994,1.0000,0.9997
101462,0,parti,hearts,1.8726,2.0000,0.9681
101477,1,,,0.0000,0.0000,0.0000
101476,0,parti,hearts,1.9990,2.0000,0.9998
101475,0,parti,leaves,0.9873,1.0000,0.9936
101480,1,,,0.0000,0.0000,0.0000
101470,0,ulti,hearts,7.7204,8.0000,0.9884
101478,0,ulti,leaves,2.1080,-8.0000,0.8423
101479,0,ulti,leaves,3.9824,-8.0000,0.9985
101463,0,parti,acorns,0.9224,1.0000,0.9612
101484,0,parti,hearts,1.0956,-2.0000,0.7739
101471,0,ulti,acorns,3.9877,4.0000,0.9990
101487,1,,,0.0000,0.0000,0.0000
101483,0,ulti,bells,3.8870,4.0000,0.9906
101489,1,,,0.0000,0.0000,0.0000
101485,0,ulti,bells,3.9607,4.0000,0.9967
101491,1,,,0.0000,0.0000,0.0000
101481,0,parti,acorns,0.7238,-1.0000,0.8619
101493,1,,,0.0000,0.0000,0.0000
101488,0,ulti,leaves,3.6169,-8.0000,0.9681
101495,1,,,0.0000,0.0000,0.0000
101490,0,ulti,leaves,2.1313,-8.0000,0.8443
101496,0,ulti,bells,1.9735,4.0000,0.8311
101486,0,ulti,acorns,3.8931,4.0000,0.9911
101498,0,ulti,leaves,3.9973,4.0000,0.9998
101499,0,parti,hearts,1.7428,-2.0000,0.9357
101492,0,ulti,hearts,7.5854,8.0000,0.9827
101502,1,,,0.0000,0.0000,0.0000
101503,1,,,0.0000,0.0000,0.0000
101474,0,ulti,acorns,3.9111,4.0000,0.9926
101501,0,ulti,acorns,2.2163,4.0000,0.8514
101506,1,,,0.0000,0.0000,0.0000
101500,0,parti,hearts,1.6251,-2.0000,0.9063
101508,1,,,0.0000,0.0000,0.0000
101509,1,,,0.0000,0.0000,0.0000
101510,1,,,0.0000,0.0000,0.0000
101511,1,,,0.0000,0.0000,0.0000
101512,1,,,0.0000,0.0000,0.0000
101505,0,ulti,acorns,2.0885,4.0000,0.8407
101514,1,,,0.0000,0.0000,0.0000
101515,1,,,0.0000,0.0000,0.0000
101516,1,,,0.0000,0.0000,0.0000
101482,0,ulti,leaves,4.0000,4.0000,1.0000
101517,0,ulti,acorns,2.7996,-8.0000,0.9000
101497,0,ulti,leaves,3.8614,4.0000,0.9884
101520,1,,,0.0000,0.0000,0.0000
101521,1,,,0.0000,0.0000,0.0000
101513,0,ulti,acorns,3.0842,4.0000,0.9237
101523,1,,,0.0000,0.0000,0.0000
101507,0,parti,hearts,1.7832,2.0000,0.9458
101525,1,,,0.0000,0.0000,0.0000
101504,0,parti,hearts,1.6693,2.0000,0.9173
101527,1,,,0.0000,0.0000,0.0000
101519,0,ulti,bells,3.5765,4.0000,0.9647
101526,0,parti,hearts,1.2413,-2.0000,0.8103
101522,0,ulti,hearts,2.3599,8.0000,0.7650
101531,1,,,0.0000,0.0000,0.0000
101528,0,ulti,hearts,3.7423,-16.0000,0.8226
101530,0,ulti,bells,1.6805,4.0000,0.8067
101534,0,parti,hearts,1.9958,2.0000,0.9989
101535,1,,,0.0000,0.0000,0.0000
101536,1,,,0.0000,0.0000,0.0000
101532,0,ulti,hearts,5.6022,-16.0000,0.9001
101538,1,,,0.0000,0.0000,0.0000
101533,0,ulti,acorns,3.9851,4.0000,0.9988
101540,1,,,0.0000,0.0000,0.0000
101541,1,,,0.0000,0.0000,0.0000
101537,0,parti,leaves,0.6600,1.0000,0.8300
101542,0,ulti,hearts,5.0788,-16.0000,0.8783
101467,0,ulti,acorns,3.9991,4.0000,0.9999
101539,0,parti,hearts,0.9252,-2.0000,0.7313
101546,1,,,0.0000,0.0000,0.0000
101543,0,ulti,leaves,3.2844,-8.0000,0.9404
101524,0,ulti,acorns,3.7560,4.0000,0.9797
101518,0,parti,hearts,1.3725,-2.0000,0.8431
101544,0,ulti,hearts,7.8880,8.0000,0.9953
101551,1,,,0.0000,0.0000,0.0000
101552,1,,,0.0000,0.0000,0.0000
101548,0,ulti,bells,3.0140,4.0000,0.9178
101547,0,ulti,hearts,4.0501,8.0000,0.8354
101554,0,ulti,acorns,3.9328,4.0000,0.9944
101555,0,parti,leaves,0.9954,1.0000,0.9977
101550,0,ulti,bells,3.7624,4.0000,0.9802
101558,1,,,0.0000,0.0000,0.0000
101553,0,parti,bells,0.5570,-1.0000,0.7785
101556,0,ulti,bells,3.1310,-8.0000,0.9276
101545,0,ulti,acorns,3.6994,4.0000,0.9749
101562,1,,,0.0000,0.0000,0.0000
101559,0,parti,leaves,0.6010,-1.0000,0.8005
101549,0,ulti,acorns,3.9550,4.0000,0.9962
101565,1,,,0.0000,0.0000,0.0000
101563,0,parti,leaves,0.9589,-1.0000,0.9794
101567,1,,,0.0000,0.0000,0.0000
101529,0,ulti,leaves,3.9990,4.0000,0.9999
101557,0,ulti,hearts,7.9983,8.0000,0.9999
101560,0,parti,acorns,0.9220,1.0000,0.9610
101568,0,parti,acorns,0.9195,1.0000,0.9597
101564,0,ulti,bells,2.7880,4.0000,0.8990
101573,1,,,0.0000,0.0000,0.0000
101561,0,ulti,leaves,3.8167,4.0000,0.9847
101575,1,,,0.0000,0.0000,0.0000
101576,1,,,0.0000,0.0000,0.0000
101569,0,ulti,acorns,2.8356,4.0000,0.9030
101578,1,,,0.0000,0.0000,0.0000
101579,1,,,0.0000,0.0000,0.0000
101580,0,ulti,hearts,5.6782,-16.0000,0.9033
101581,1,,,0.0000,0.0000,0.0000
101582,1,,,0.0000,0.0000,0.0000
101571,0,ulti,bells,2.6985,4.0000,0.8915
101572,0,ulti,acorns,3.0284,-8.0000,0.9190
101570,0,parti,hearts,1.0737,2.0000,0.7684
101583,0,ulti,acorns,3.9611,4.0000,0.9968
101587,1,,,0.0000,0.0000,0.0000
101494,0,ulti,acorns,3.9193,4.0000,0.9933
101584,0,ulti,hearts,7.6526,-16.0000,0.9855
101585,0,parti,hearts,1.9542,-2.0000,0.9886
101591,1,,,0.0000,0.0000,0.0000
101592,0,parti,hearts,1.9983,2.0000,0.9996
101590,0,ulti,hearts,2.3622,-16.0000,0.7651
101594,1,,,0.0000,0.0000,0.0000
101588,0,parti,hearts,1.9970,2.0000,0.9992
101577,0,ulti,bells,3.9426,4.0000,0.9952
101595,0,ulti,acorns,3.8065,-8.0000,0.9839
101598,1,,,0.0000,0.0000,0.0000
101599,1,,,0.0000,0.0000,0.0000
101596,0,ulti,leaves,1.7181,-8.0000,0.8098
101597,0,parti,hearts,1.6225,-2.0000,0.9056
101600,0,ulti,leaves,2.4512,-8.0000,0.8709
101603,1,,,0.0000,0.0000,0.0000
101589,0,parti,bells,0.8727,-1.0000,0.9364
101605,1,,,0.0000,0.0000,0.0000
101606,1,,,0.0000,0.0000,0.0000
101602,0,ulti,bells,3.9768,4.0000,0.9981
101586,0,ulti,hearts,6.9616,8.0000,0.9567
101604,0,ulti,hearts,7.2539,8.0000,0.9689
101610,1,,,0.0000,0.0000,0.0000
101611,1,,,0.0000,0.0000,0.0000
101593,0,ulti,hearts,7.5512,8.0000,0.9813
101613,1,,,0.0000,0.0000,0.0000
101574,0,parti,hearts,1.8267,-2.0000,0.9567
101615,1,,,0.0000,0.0000,0.0000
101566,0,parti,leaves,0.6122,1.0000,0.8061
101601,0,ulti,bells,3.9993,4.0000,0.9999
101607,0,ulti,leaves,3.9833,4.0000,0.9986
101608,0,ulti,leaves,3.9911,4.0000,0.9993
101614,0,ulti,leaves,3.9967,4.0000,0.9997
101616,0,parti,acorns,0.6230,1.0000,0.8115
101622,1,,,0.0000,0.0000,0.0000
101617,0,ulti,acorns,2.9651,4.0000,0.9138
101624,1,,,0.0000,0.0000,0.0000
101618,0,ulti,acorns,3.7579,4.0000,0.9798
101609,0,ulti,acorns,3.9655,4.0000,0.9971
101627,1,,,0.0000,0.0000,0.0000
101628,1,,,0.0000,0.0000,0.0000
101625,0,ulti,hearts,3.0371,-16.0000,0.7932
101620,0,ulti,bells,3.4901,-8.0000,0.9575
101626,0,ulti,acorns,2.3442,4.0000,0.8620
101632,1,,,0.0000,0.0000,0.0000
101630,0,ulti,hearts,6.5234,-16.0000,0.9385
101623,0,ulti,hearts,3.9375,8.0000,0.8307
101634,0,ulti,acorns,3.7787,4.0000,0.9816
101636,1,,,0.0000,0.0000,0.0000
101633,0,ulti,hearts,6.4816,8.0000,0.9367
101638,1,,,0.0000,0.0000,0.0000
101621,0,ulti,hearts,7.9864,8.0000,0.9994
101640,1,,,0.0000,0.0000,0.0000
101637,0,parti,hearts,2.0000,2.0000,1.0000
101642,1,,,0.0000,0.0000,0.0000
101639,0,ulti,acorns,3.0277,4.0000,0.9190
101644,1,,,0.0000,0.0000,0.0000
101631,0,ulti,leaves,3.7627,4.0000,0.9802
101612,0,parti,acorns,0.8314,1.0000,0.9157
101646,0,ulti,acorns,3.8709,4.0000,0.9892
101648,1,,,0.0000,0.0000,0.0000
101649,1,,,0.0000,0.0000,0.0000
101650,1,,,0.0000,0.0000,0.0000
101651,1,,,0.0000,0.0000,0.0000
101652,1,,,0.0000,0.0000,0.0000
101643,0,parti,bells,0.9988,1.0000,0.9994
101619,0,parti,acorns,0.9754,1.0000,0.9877
101641,0,parti,bells,0.6768,-1.0000,0.8384
101629,0,ulti,hearts,7.9974,8.0000,0.9999
101657,1,,,0.0000,0.0000,0.0000
101658,1,,,0.0000,0.0000,0.0000
101653,0,ulti,hearts,4.3738,-16.0000,0.8489
101655,0,ulti,leaves,2.6738,4.0000,0.8895
101661,0,betli,,4.0594,-5.0000,0.9059
101662,1,,,0.0000,0.0000,0.0000
101647,0,ulti,bells,3.3722,4.0000,0.9477
101656,0,ulti,bells,3.5717,4.0000,0.9643
101660,0,ulti,leaves,3.9988,4.0000,0.9999
101635,0,ulti,hearts,7.9867,8.0000,0.9994
101663,0,ulti,hearts,7.8829,8.0000,0.9951
101668,1,,,0.0000,0.0000,0.0000
101654,0,ulti,leaves,3.8172,4.0000,0.9848
101664,0,betli,,4.9822,5.0000,0.9982
101671,1,,,0.0000,0.0000,0.0000
101667,0,ulti,bells,3.4800,4.0000,0.9567
101669,0,ulti,leaves,1.8755,-8.0000,0.8230
101674,1,,,0.0000,0.0000,0.0000
101675,1,,,0.0000,0.0000,0.0000
101665,0,ulti,bells,3.9836,4.0000,0.9986
101672,0,ulti,bells,3.2010,4.0000,0.9334
101666,0,parti,hearts,0.7556,-2.0000,0.6889
101677,0,ulti,acorns,3.8414,4.0000,0.9868
101678,0,ulti,acorns,3.0596,-8.0000,0.9216
101681,1,,,0.0000,0.0000,0.0000
101682,1,,,0.0000,0.0000,0.0000
101659,0,parti,hearts,1.9921,2.0000,0.9980
101684,1,,,0.0000,0.0000,0.0000
101685,1,,,0.0000,0.0000,0.0000
101673,0,ulti,leaves,3.3270,4.0000,0.9439
101683,0,ulti,hearts,7.4344,8.0000,0.9764
101688,1,,,0.0000,0.0000,0.0000
101687,0,ulti,hearts,5.7357,8.0000,0.9057
101690,1,,,0.0000,0.0000,0.0000
101645,0,ulti,leaves,3.9748,4.0000,0.9979
101680,0,ulti,bells,3.9531,4.0000,0.9961
101689,0,parti,hearts,1.9728,2.0000,0.9932
101676,0,ulti,bells,3.9351,4.0000,0.9946
101686,0,ulti,leaves,3.8937,4.0000,0.9911
101679,0,ulti,hearts,7.5403,8.0000,0.9808
101691,0,ulti,bells,2.0637,-8.0000,0.8386
101693,0,parti,acorns,0.6627,1.0000,0.8314
101692,0,ulti,acorns,3.9530,4.0000,0.9961
101697,0,ulti,bells,2.8489,4.0000,0.9041
101701,1,,,0.0000,0.0000,0.0000
101694,0,parti,hearts,1.2833,2.0000,0.8208
101670,0,ulti,acorns,3.9971,4.0000,0.9998
101700,0,parti,hearts,1.6296,2.0000,0.9074
101703,0,ulti,acorns,2.3711,-8.0000,0.8643
101695,0,ulti,bells,3.4170,4.0000,0.9514
101705,0,ulti,bells,2.2434,-8.0000,0.8536
101696,0,parti,acorns,0.9898,-1.0000,0.9949
101709,1,,,0.0000,0.0000,0.0000
101708,0,ulti,leaves,2.0418,-8.0000,0.8368
101699,0,ulti,hearts,7.4720,-16.0000,0.9780
101706,0,parti,leaves,0.6962,1.0000,0.8481
101711,0,ulti,acorns,2.0386,4.0000,0.8366
101698,0,ulti,acorns,3.9725,4.0000,0.9977
101713,0,ulti,hearts,3.1474,8.0000,0.7978
101704,0,ulti,hearts,7.9988,8.0000,1.0000
101710,0,ulti,bells,3.9954,4.0000,0.9996
101718,1,,,0.0000,0.0000,0.0000
101715,0,parti,leaves,0.8455,1.0000,0.9227
101720,1,,,0.0000,0.0000,0.0000
101717,0,ulti,acorns,3.7591,4.0000,0.9799
101722,1,,,0.0000,0.0000,0.0000
101714,0,parti,bells,0.7225,-1.0000,0.8613
101721,0,ulti,acorns,3.7516,4.0000,0.9793
101725,1,,,0.0000,0.0000,0.0000
101726,1,,,0.0000,0.0000,0.0000
101702,0,parti,leaves,0.7835,1.0000,0.8918
101716,0,parti,acorns,0.9571,1.0000,0.9785
101729,1,,,0.0000,0.0000,0.0000
101707,0,ulti,hearts,7.9460,8.0000,0.9978
101731,0,ulti,hearts,4.1485,8.0000,0.8395
101719,0,parti,hearts,1.1662,2.0000,0.7916
101732,1,,,0.0000,0.0000,0.0000
101730,0,parti,bells,0.9947,1.0000,0.9974
101727,0,ulti,hearts,7.7755,8.0000,0.9906
101736,1,,,0.0000,0.0000,0.0000
101723,0,ulti,bells,3.9566,4.0000,0.9964
101712,0,parti,bells,0.8031,1.0000,0.9015
101733,0,ulti,acorns,2.8342,4.0000,0.9029
101724,0,parti,hearts,1.4661,2.0000,0.8665
101735,0,parti,leaves,0.9316,-1.0000,0.9658
101739,0,parti,leaves,0.6516,-1.0000,0.8258
101740,0,ulti,hearts,2.8543,8.0000,0.7856
101744,1,,,0.0000,0.0000,0.0000
101742,0,betli,,4.9596,-5.0000,0.9960
101746,1,,,0.0000,0.0000,0.0000
101745,0,ulti,leaves,2.1112,4.0000,0.8426
101748,1,,,0.0000,0.0000,0.0000
101749,1,,,0.0000,0.0000,0.0000
101741,0,parti,hearts,1.9095,2.0000,0.9774
101750,0,ulti,hearts,5.2478,-16.0000,0.8853
101747,0,parti,hearts,1.1193,-2.0000,0.7798
101753,1,,,0.0000,0.0000,0.0000
101754,1,,,0.0000,0.0000,0.0000
101755,1,,,0.0000,0.0000,0.0000
101737,0,ulti,acorns,3.9515,4.0000,0.9960
101734,0,ulti,leaves,3.7868,4.0000,0.9822
101756,0,ulti,bells,3.8275,4.0000,0.9856
101757,0,ulti,bells,2.3405,4.0000,0.8617
101743,0,ulti,acorns,3.9071,4.0000,0.9923
101728,0,parti,hearts,1.0858,2.0000,0.7714
101738,0,ulti,hearts,7.8934,-16.0000,0.9956
101763,1,,,0.0000,0.0000,0.0000
101760,0,parti,hearts,1.7839,-2.0000,0.9460
101751,0,parti,leaves,0.7397,1.0000,0.8698
101766,1,,,0.0000,0.0000,0.0000
101752,0,ulti,bells,3.9915,4.0000,0.9993
101767,0,ulti,hearts,2.7229,8.0000,0.7801
101769,1,,,0.0000,0.0000,0.0000
101768,0,ulti,leaves,3.3133,4.0000,0.9428
101771,1,,,0.0000,0.0000,0.0000
101758,0,ulti,leaves,3.8539,4.0000,0.9878
101773,1,,,0.0000,0.0000,0.0000
101764,0,ulti,bells,3.9998,4.0000,1.0000
101775,1,,,0.0000,0.0000,0.0000
101774,0,ulti,hearts,7.1904,8.0000,0.9663
101770,0,parti,hearts,1.3111,-2.0000,0.8278
101776,0,ulti,leaves,2.8443,4.0000,0.9037
101772,0,parti,acorns,0.6061,1.0000,0.8030
101759,0,ulti,acorns,3.9999,4.0000,1.0000
101778,0,parti,hearts,1.1840,-2.0000,0.7960
101782,1,,,0.0000,0.0000,0.0000
101780,0,ulti,bells,1.8719,-8.0000,0.8227
101761,0,parti,acorns,0.6297,-1.0000,0.8149
101785,1,,,0.0000,0.0000,0.0000
101783,0,ulti,leaves,3.2474,-8.0000,0.9373
101779,0,ulti,leaves,3.9142,4.0000,0.9929
101788,1,,,0.0000,0.0000,0.0000
101789,1,,,0.0000,0.0000,0.0000
101784,0,ulti,leaves,3.6232,4.0000,0.9686
101786,0,ulti,acorns,2.3274,4.0000,0.8606
101792,1,,,0.0000,0.0000,0.0000
101777,0,ulti,hearts,7.9406,8.0000,0.9975
101794,1,,,0.0000,0.0000,0.0000
101791,0,parti,hearts,1.9999,2.0000,1.0000
101793,0,ulti,hearts,7.7830,8.0000,0.9910
101797,1,,,0.0000,0.0000,0.0000
101790,0,ulti,hearts,6.6822,8.0000,0.9451
101796,0,ulti,hearts,7.9340,8.0000,0.9972
101781,0,ulti,acorns,3.9627,4.0000,0.9969
101798,0,ulti,hearts,6.8964,8.0000,0.9540
101795,0,parti,hearts,1.3551,2.0000,0.8388
101800,0,ulti,hearts,4.0472,-16.0000,0.8353
101765,0,ulti,bells,3.9921,4.0000,0.9993
101805,1,,,0.0000,0.0000,0.0000
101806,1,,,0.0000,0.0000,0.0000
101787,0,ulti,bells,3.6192,4.0000,0.9683
101804,0,ulti,leaves,3.1851,4.0000,0.9321
101799,0,parti,leaves,0.6024,-1.0000,0.8012
101810,1,,,0.0000,0.0000,0.0000
101811,1,,,0.0000,0.0000,0.0000
101807,0,parti,leaves,0.9943,1.0000,0.9972
101813,1,,,0.0000,0.0000,0.0000
101814,1,,,0.0000,0.0000,0.0000
101815,1,,,0.0000,0.0000,0.0000
101816,1,,,0.0000,0.0000,0.0000
101817,1,,,0.0000,0.0000,0.0000
101818,1,,,0.0000,0.0000,0.0000
101819,1,,,0.0000,0.0000,0.0000
101812,0,ulti,leaves,1.5572,4.0000,0.7964
101808,0,ulti,acorns,3.9946,4.0000,0.9995
101821,0,ulti,leaves,3.1037,4.0000,0.9253
101823,0,ulti,hearts,7.7320,8.0000,0.9888
101824,1,,,0.0000,0.0000,0.0000
101820,0,parti,acorns,0.6999,1.0000,0.8499
101809,0,parti,hearts,0.6637,-2.0000,0.6659
101827,1,,,0.0000,0.0000,0.0000
101802,0,parti,hearts,0.9759,2.0000,0.7440
101829,1,,,0.0000,0.0000,0.0000
101830,0,parti,hearts,0.8076,2.0000,0.7019
101831,0,ulti,hearts,7.1125,-16.0000,0.9630
101826,0,ulti,acorns,3.8723,4.0000,0.9894
101828,0,ulti,bells,3.9378,4.0000,0.9948
101832,0,ulti,bells,2.7957,-8.0000,0.8996
101833,0,ulti,leaves,2.2870,4.0000,0.8572
101822,0,parti,bells,0.5133,-1.0000,0.7567
101836,0,ulti,hearts,7.3051,8.0000,0.9710
101834,0,ulti,leaves,3.0017,4.0000,0.9168
101835,0,ulti,bells,3.9219,4.0000,0.9935
101837,0,ulti,bells,3.1546,-8.0000,0.9296
101838,0,ulti,hearts,2.4515,-16.0000,0.7688
101839,0,ulti,acorns,3.8571,4.0000,0.9881
101840,0,parti,hearts,1.9959,2.0000,0.9990
101843,0,parti,hearts,1.2982,2.0000,0.8245
101825,0,parti,acorns,0.9275,1.0000,0.9637
101846,0,ulti,acorns,3.1194,-8.0000,0.9266
101842,0,ulti,hearts,7.3029,8.0000,0.9710
101848,1,,,0.0000,0.0000,0.0000
101841,0,ulti,acorns,3.4941,4.0000,0.9578
101801,0,parti,leaves,0.8887,1.0000,0.9444
101851,1,,,0.0000,0.0000,0.0000
101847,0,ulti,hearts,7.7619,8.0000,0.9901
101849,0,ulti,acorns,1.8288,4.0000,0.8191
101845,0,ulti,hearts,7.5916,-16.0000,0.9830
101855,1,,,0.0000,0.0000,0.0000
101850,0,ulti,hearts,2.9420,-16.0000,0.7893
101844,0,ulti,hearts,6.3634,8.0000,0.9318
101852,0,parti,hearts,1.8208,-2.0000,0.9552
101856,0,parti,hearts,1.9998,2.0000,0.9999
101860,1,,,0.0000,0.0000,0.0000
101859,0,ulti,acorns,3.7062,4.0000,0.9755
101857,0,parti,hearts,1.9999,2.0000,1.0000
101863,1,,,0.0000,0.0000,0.0000
101864,1,,,0.0000,0.0000,0.0000
101865,1,,,0.0000,0.0000,0.0000
101861,0,ulti,hearts,3.2178,8.0000,0.8007
101867,1,,,0.0000,0.0000,0.0000
101868,1,,,0.0000,0.0000,0.0000
101762,0,ulti,acorns,3.9983,4.0000,0.9999
101870,1,,,0.0000,0.0000,0.0000
101871,1,,,0.0000,0.0000,0.0000
101872,1,,,0.0000,0.0000,0.0000
101873,1,,,0.0000,0.0000,0.0000
101866,0,ulti,leaves,2.7198,-8.0000,0.8933
101858,0,parti,leaves,0.9940,1.0000,0.9970
101875,1,,,0.0000,0.0000,0.0000
101876,1,,,0.0000,0.0000,0.0000
101877,0,ulti,hearts,3.1021,-16.0000,0.7959
101874,0,parti,hearts,0.9315,2.0000,0.7329
101880,1,,,0.0000,0.0000,0.0000
101881,1,,,0.0000,0.0000,0.0000
101803,0,ulti,bells,3.9905,4.0000,0.9992
101883,1,,,0.0000,0.0000,0.0000
101879,0,parti,hearts,1.5120,-2.0000,0.8780
101882,0,ulti,hearts,6.5387,8.0000,0.9391
101853,0,ulti,leaves,3.9263,4.0000,0.9939
101884,0,ulti,hearts,6.3911,-16.0000,0.9330
101888,1,,,0.0000,0.0000,0.0000
101889,1,,,0.0000,0.0000,0.0000
101854,0,ulti,hearts,6.3795,8.0000,0.9325
101891,1,,,0.0000,0.0000,0.0000
101885,0,ulti,bells,3.1244,-8.0000,0.9270
101862,0,ulti,leaves,3.8900,4.0000,0.9908
101887,0,ulti,hearts,5.7889,-16.0000,0.9079
101890,0,ulti,bells,3.8989,4.0000,0.9916
101893,0,ulti,hearts,4.5537,-16.0000,0.8564
101894,0,ulti,acorns,2.1556,4.0000,0.8463
101898,1,,,0.0000,0.0000,0.0000
101878,0,ulti,leaves,3.6381,4.0000,0.9698
101895,0,ulti,bells,3.5890,4.0000,0.9657
101900,0,ulti,bells,3.2483,4.0000,0.9374
101896,0,parti,bells,0.9978,1.0000,0.9989
101902,0,ulti,leaves,3.4111,4.0000,0.9509
101904,1,,,0.0000,0.0000,0.0000
101905,1,,,0.0000,0.0000,0.0000
101903,0,parti,hearts,1.1242,-2.0000,0.7810
101886,0,parti,hearts,1.5696,-2.0000,0.8924
101906,0,ulti,hearts,3.7920,-16.0000,0.8247
101908,0,ulti,acorns,2.2261,-8.0000,0.8522
101910,0,ulti,leaves,2.7490,-8.0000,0.8957
101897,0,parti,leaves,0.9885,1.0000,0.9943
101909,0,ulti,hearts,7.4122,8.0000,0.9755
101913,1,,,0.0000,0.0000,0.0000
101914,1,,,0.0000,0.0000,0.0000
101899,0,ulti,leaves,3.8198,4.0000,0.9850
101911,0,parti,hearts,1.9980,2.0000,0.9995
101917,1,,,0.0000,0.0000,0.0000
101918,1,,,0.0000,0.0000,0.0000
101912,0,parti,hearts,1.9855,-2.0000,0.9964
101920,0,ulti,acorns,2.7448,4.0000,0.8954
101919,0,ulti,acorns,3.5719,4.0000,0.9643
101915,0,ulti,leaves,3.6699,4.0000,0.9725
101923,1,,,0.0000,0.0000,0.0000
101922,0,ulti,leaves,3.1555,4.0000,0.9296
101916,0,ulti,leaves,3.9309,4.0000,0.9942
101924,0,parti,hearts,1.3536,-2.0000,0.8384
101925,0,ulti,leaves,3.9867,4.0000,0.9989
101921,0,ulti,bells,3.9768,4.0000,0.9981
101929,1,,,0.0000,0.0000,0.0000
101927,0,ulti,bells,3.5266,4.0000,0.9605
101930,0,ulti,hearts,3.1085,-16.0000,0.7962
101907,0,ulti,hearts,7.9972,8.0000,0.9999
101928,0,parti,hearts,0.7264,-2.0000,0.6816
101934,1,,,0.0000,0.0000,0.0000
101932,0,parti,hearts,1.9454,2.0000,0.9864
101936,1,,,0.0000,0.0000,0.0000
101931,0,parti,hearts,1.3539,-2.0000,0.8385
101938,1,,,0.0000,0.0000,0.0000
101869,0,ulti,leaves,3.9911,4.0000,0.9993
101940,1,,,0.0000,0.0000,0.0000
101935,0,ulti,leaves,3.7219,4.0000,0.9768
101941,1,,,0.0000,0.0000,0.0000
101933,0,parti,hearts,1.5536,2.0000,0.8884
101892,0,ulti,acorns,3.9783,4.0000,0.9982
101944,0,ulti,leaves,2.5239,-8.0000,0.8770
101946,0,ulti,bells,2.9477,4.0000,0.9123
101947,1,,,0.0000,0.0000,0.0000
101945,0,ulti,bells,2.1058,-8.0000,0.8422
101943,0,ulti,bells,1.5985,-8.0000,0.7999
101950,0,parti,hearts,1.9994,2.0000,0.9999
101948,0,parti,leaves,0.9927,1.0000,0.9964
101901,0,ulti,leaves,3.9823,4.0000,0.9985
101951,0,parti,hearts,1.9936,2.0000,0.9984
101952,0,ulti,hearts,4.7059,8.0000,0.8627
101939,0,ulti,hearts,7.8328,8.0000,0.9930
101956,1,,,0.0000,0.0000,0.0000
101955,0,parti,hearts,1.3999,2.0000,0.8500
101958,1,,,0.0000,0.0000,0.0000
101957,0,ulti,leaves,3.5172,-8.0000,0.9598
101960,1,,,0.0000,0.0000,0.0000
101953,0,ulti,bells,3.3952,4.0000,0.9496
101961,1,,,0.0000,0.0000,0.0000
101963,1,,,0.0000,0.0000,0.0000
101962,1,,,0.0000,0.0000,0.0000
101964,1,,,0.0000,0.0000,0.0000
101965,1,,,0.0000,0.0000,0.0000
101966,1,,,0.0000,0.0000,0.0000
101967,1,,,0.0000,0.0000,0.0000
101954,0,ulti,leaves,2.9638,4.0000,0.9136
101970,1,,,0.0000,0.0000,0.0000
101959,0,ulti,acorns,2.3539,-8.0000,0.8628
101937,0,parti,acorns,0.9780,-1.0000,0.9890
101971,0,ulti,acorns,3.0629,-8.0000,0.9219
101972,0,ulti,bells,1.7032,4.0000,0.8086
101926,0,ulti,leaves,3.9933,4.0000,0.9994
101973,0,ulti,leaves,2.8472,4.0000,0.9039
101968,0,parti,leaves,0.9954,1.0000,0.9977
101978,1,,,0.0000,0.0000,0.0000
101979,0,ulti,hearts,2.0912,-16.0000,0.7538
101976,0,ulti,leaves,3.9522,4.0000,0.9960
101975,0,ulti,leaves,3.9796,4.0000,0.9983
101977,0,ulti,leaves,3.9763,4.0000,0.9980
101981,0,ulti,acorns,3.7008,4.0000,0.9751
101969,0,parti,hearts,1.9971,2.0000,0.9993
101983,0,parti,hearts,1.9997,2.0000,0.9999
101986,1,,,0.0000,0.0000,0.0000
101984,0,ulti,bells,2.6587,-8.0000,0.8882
101987,0,ulti,hearts,4.7604,-16.0000,0.8650
101989,1,,,0.0000,0.0000,0.0000
101982,0,ulti,hearts,3.4198,-16.0000,0.8092
101991,1,,,0.0000,0.0000,0.0000
101942,0,parti,hearts,1.6657,-2.0000,0.9164
101988,0,ulti,hearts,7.9919,8.0000,0.9997
101993,1,,,0.0000,0.0000,0.0000
101994,1,,,0.0000,0.0000,0.0000
101974,0,ulti,leaves,3.9987,4.0000,0.9999
101990,0,ulti,bells,3.1935,4.0000,0.9328
101992,0,ulti,hearts,5.8504,-16.0000,0.9104
101997,0,ulti,leaves,3.7881,4.0000,0.9823
102000,1,,,0.0000,0.0000,0.0000
102001,1,,,0.0000,0.0000,0.0000
101980,0,parti,hearts,1.7556,2.0000,0.9389
101996,0,betli,,4.9119,-5.0000,0.9912
102004,1,,,0.0000,0.0000,0.0000
102005,1,,,0.0000,0.0000,0.0000
101985,0,ulti,bells,3.4612,4.0000,0.9551
102007,1,,,0.0000,0.0000,0.0000
102002,0,ulti,acorns,2.1904,-8.0000,0.8492
102006,0,ulti,bells,2.4689,4.0000,0.8724
102010,0,ulti,hearts,3.0938,8.0000,0.7956
102009,0,ulti,leaves,2.2127,-8.0000,0.8511
102012,0,ulti,hearts,5.3279,8.0000,0.8887
102011,0,ulti,leaves,3.2952,4.0000,0.9413
102014,1,,,0.0000,0.0000,0.0000
101995,0,ulti,hearts,7.7796,8.0000,0.9908
102015,0,ulti,bells,3.1857,4.0000,0.9321
102013,0,ulti,leaves,3.2811,4.0000,0.9401
102018,1,,,0.0000,0.0000,0.0000
102017,1,,,0.0000,0.0000,0.0000
102020,1,,,0.0000,0.0000,0.0000
102016,0,ulti,hearts,4.9663,8.0000,0.8736
102003,0,ulti,hearts,7.1750,8.0000,0.9656
102023,1,,,0.0000,0.0000,0.0000
102008,0,parti,leaves,0.9398,-1.0000,0.9699
101999,0,ulti,hearts,7.6623,8.0000,0.9859
102024,0,ulti,bells,3.9768,4.0000,0.9981
102021,0,ulti,leaves,3.9872,4.0000,0.9989
102022,0,parti,hearts,1.9493,-2.0000,0.9873
102029,1,,,0.0000,0.0000,0.0000
102028,0,parti,hearts,1.7905,-2.0000,0.9476
102031,1,,,0.0000,0.0000,0.0000
102030,0,ulti,bells,3.9349,4.0000,0.9946
102027,0,parti,leaves,0.6031,-1.0000,0.8016
102032,0,ulti,bells,3.9723,4.0000,0.9977
102026,0,ulti,bells,3.9947,4.0000,0.9996
102025,0,ulti,bells,3.7484,4.0000,0.9790
102036,0,ulti,hearts,6.9728,8.0000,0.9572
102033,0,ulti,hearts,6.2900,8.0000,0.9287
101998,0,ulti,hearts,7.9992,8.0000,1.0000
101949,0,ulti,leaves,3.9811,4.0000,0.9984
102041,1,,,0.0000,0.0000,0.0000
102038,0,parti,hearts,1.9933,-2.0000,0.9983
102042,0,ulti,bells,2.2338,4.0000,0.8528
102044,1,,,0.0000,0.0000,0.0000
102039,0,ulti,acorns,3.9258,-8.0000,0.9938
102035,0,parti,hearts,0.8543,-2.0000,0.7136
102043,0,ulti,acorns,1.7249,4.0000,0.8104
102048,1,,,0.0000,0.0000,0.0000
102040,0,parti,hearts,1.4381,-2.0000,0.8595
102019,0,ulti,hearts,7.9502,8.0000,0.9979
102050,0,ulti,hearts,4.0154,-16.0000,0.8340
102034,0,ulti,acorns,3.8610,4.0000,0.9884
102052,1,,,0.0000,0.0000,0.0000
102053,1,,,0.0000,0.0000,0.0000
102046,0,ulti,hearts,7.7774,8.0000,0.9907
102037,0,ulti,bells,3.9619,4.0000,0.9968
102057,1,,,0.0000,0.0000,0.0000
102054,0,ulti,leaves,3.9554,4.0000,0.9963
102055,0,parti,hearts,1.9068,2.0000,0.9767
102049,0,ulti,acorns,3.9418,4.0000,0.9951
102061,1,,,0.0000,0.0000,0.0000
102047,0,ulti,acorns,3.4504,4.0000,0.9542
102058,0,parti,bells,0.5975,-1.0000,0.7987
102051,0,ulti,bells,3.8265,4.0000,0.9855
102062,0,ulti,acorns,2.8667,4.0000,0.9056
102065,1,,,0.0000,0.0000,0.0000
102063,0,parti,hearts,1.9958,2.0000,0.9989
102068,1,,,0.0000,0.0000,0.0000
102067,0,ulti,hearts,3.4963,8.0000,0.8123
102070,1,,,0.0000,0.0000,0.0000
102066,0,ulti,bells,3.1614,-8.0000,0.9301
102064,0,parti,bells,0.9997,1.0000,0.9999
102073,1,,,0.0000,0.0000,0.0000
102071,0,ulti,hearts,2.3616,8.0000,0.7651
102056,0,ulti,acorns,3.7800,4.0000,0.9817
102076,1,,,0.0000,0.0000,0.0000
102072,0,ulti,bells,3.9812,4.0000,0.9984
102078,0,ulti,acorns,2.0392,-8.0000,0.8366
102079,1,,,0.0000,0.0000,0.0000
102045,0,parti,leaves,0.7364,1.0000,0.8682
102081,0,ulti,hearts,5.4234,-16.0000,0.8926
102082,1,,,0.0000,0.0000,0.0000
102083,1,,,0.0000,0.0000,0.0000
102080,0,ulti,acorns,3.8794,4.0000,0.9900
102077,0,ulti,bells,3.9970,4.0000,0.9997
102086,1,,,0.0000,0.0000,0.0000
102085,0,ulti,bells,2.8474,-8.0000,0.9040
102074,0,parti,hearts,1.9434,2.0000,0.9859
102075,0,parti,leaves,0.7460,1.0000,0.8730
102084,0,ulti,hearts,7.9111,8.0000,0.9963
102087,0,ulti,acorns,3.9865,4.0000,0.9989
102092,1,,,0.0000,0.0000,0.0000
102093,1,,,0.0000,0.0000,0.0000
102088,0,ulti,leaves,3.6697,4.0000,0.9725
102094,0,ulti,acorns,3.0165,4.0000,0.9180
102096,1,,,0.0000,0.0000,0.0000
102059,0,ulti,leaves,3.9921,4.0000,0.9993
102090,0,ulti,hearts,7.5618,8.0000,0.9817
102060,0,ulti,acorns,3.9994,4.0000,1.0000
102100,1,,,0.0000,0.0000,0.0000
102101,1,,,0.0000,0.0000,0.0000
102102,1,,,0.0000,0.0000,0.0000
102097,0,parti,bells,0.9992,1.0000,0.9996
102099,0,ulti,leaves,2.3882,-8.0000,0.8657
102091,0,parti,hearts,1.8377,2.0000,0.9594
102106,1,,,0.0000,0.0000,0.0000
102103,0,ulti,hearts,3.1117,8.0000,0.7963
102095,0,ulti,leaves,3.0453,4.0000,0.9204
102089,0,parti,bells,0.9875,1.0000,0.9938
102069,0,parti,hearts,1.6915,2.0000,0.9229
102111,1,,,0.0000,0.0000,0.0000
102112,0,parti,bells,0.9793,1.0000,0.9896
102113,1,,,0.0000,0.0000,0.0000
102109,0,parti,acorns,0.6462,-1.0000,0.8231
102105,0,parti,bells,0.8429,1.0000,0.9214
102115,0,parti,hearts,1.5107,2.0000,0.8777
102117,1,,,0.0000,0.0000,0.0000
102108,0,ulti,acorns,3.7253,4.0000,0.9771
102119,1,,,0.0000,0.0000,0.0000
102116,0,parti,acorns,0.7455,1.0000,0.8727
102110,0,parti,bells,0.7575,-1.0000,0.8788
102121,0,ulti,hearts,4.7522,-16.0000,0.8647
102114,0,ulti,hearts,7.9886,8.0000,0.9995
102124,0,ulti,hearts,7.2629,8.0000,0.9693
102098,0,parti,acorns,0.9277,1.0000,0.9638
102126,1,,,0.0000,0.0000,0.0000
102125,0,ulti,hearts,2.8234,-16.0000,0.7843
102128,1,,,0.0000,0.0000,0.0000
102127,0,ulti,hearts,7.3924,8.0000,0.9747
102130,1,,,0.0000,0.0000,0.0000
102122,0,parti,hearts,1.4787,-2.0000,0.8697
102132,0,ulti,bells,3.9816,4.0000,0.9985
102129,0,parti,hearts,1.3603,-2.0000,0.8401
102104,0,ulti,hearts,7.9687,8.0000,0.9987
102135,0,ulti,bells,2.5450,-8.0000,0.8787
102136,1,,,0.0000,0.0000,0.0000
102133,0,ulti,leaves,3.3174,4.0000,0.9431
102131,0,ulti,acorns,3.7864,4.0000,0.9822
102120,0,ulti,bells,3.9985,4.0000,0.9999
102118,0,ulti,leaves,3.9956,4.0000,0.9996
102123,0,ulti,hearts,7.9982,8.0000,0.9999
102137,0,ulti,acorns,3.6477,4.0000,0.9706
102139,0,ulti,leaves,1.9792,4.0000,0.8316
102144,1,,,0.0000,0.0000,0.0000
102145,1,,,0.0000,0.0000,0.0000
102140,0,ulti,leaves,2.0754,-8.0000,0.8396
102147,1,,,0.0000,0.0000,0.0000
102148,1,,,0.0000,0.0000,0.0000
102141,0,parti,leaves,0.5605,-1.0000,0.7803
102150,0,ulti,hearts,4.6761,-16.0000,0.8615
102151,1,,,0.0000,0.0000,0.0000
102142,0,parti,bells,0.8230,1.0000,0.9115
102146,0,ulti,bells,3.9436,4.0000,0.9953
102143,0,ulti,leaves,3.0117,4.0000,0.9176
102155,1,,,0.0000,0.0000,0.0000
102156,1,,,0.0000,0.0000,0.0000
102157,0,ulti,acorns,3.8955,4.0000,0.9913
102158,1,,,0.0000,0.0000,0.0000
102159,1,,,0.0000,0.0000,0.0000
102152,0,ulti,bells,3.8980,4.0000,0.9915
102161,1,,,0.0000,0.0000,0.0000
102154,0,ulti,hearts,7.4714,8.0000,0.9780
102160,0,parti,hearts,1.2818,2.0000,0.8205
102162,0,parti,hearts,1.5365,-2.0000,0.8841
102164,0,ulti,hearts,7.2809,8.0000,0.9700
102165,0,parti,acorns,0.8486,1.0000,0.9243
102167,1,,,0.0000,0.0000,0.0000
102168,1,,,0.0000,0.0000,0.0000
102163,0,ulti,hearts,7.9998,8.0000,1.0000
102138,0,parti,hearts,1.9913,2.0000,0.9978
102171,1,,,0.0000,0.0000,0.0000
102169,0,ulti,acorns,3.7839,4.0000,0.9820
102107,0,ulti,hearts,7.9231,8.0000,0.9968
102173,0,parti,hearts,0.5672,-2.0000,0.6418
102175,0,ulti,hearts,7.0018,8.0000,0.9584
102172,0,ulti,acorns,3.9454,4.0000,0.9955
102177,1,,,0.0000,0.0000,0.0000
102170,0,ulti,hearts,7.9081,8.0000,0.9962
102179,1,,,0.0000,0.0000,0.0000
102180,1,,,0.0000,0.0000,0.0000
102181,1,,,0.0000,0.0000,0.0000
102178,0,ulti,leaves,1.8066,-8.0000,0.8172
102176,0,ulti,leaves,3.3672,4.0000,0.9473
102182,0,ulti,hearts,6.7607,8.0000,0.9484
102174,0,ulti,acorns,3.9620,4.0000,0.9968
102186,1,,,0.0000,0.0000,0.0000
102183,0,ulti,acorns,2.7204,-8.0000,0.8934
102187,0,parti,hearts,1.9246,2.0000,0.9811
102185,0,parti,leaves,0.9995,1.0000,0.9997
102184,0,parti,hearts,1.9998,2.0000,0.9999
102188,0,parti,hearts,1.6610,-2.0000,0.9152
102134,0,ulti,leaves,3.8667,4.0000,0.9889
102193,1,,,0.0000,0.0000,0.0000
102194,1,,,0.0000,0.0000,0.0000
102189,0,ulti,hearts,7.9356,8.0000,0.9973
102190,0,ulti,acorns,3.9752,4.0000,0.9979
102192,0,ulti,bells,3.7884,4.0000,0.9824
102191,0,parti,hearts,1.1998,2.0000,0.7999
102199,1,,,0.0000,0.0000,0.0000
102200,1,,,0.0000,0.0000,0.0000
102201,1,,,0.0000,0.0000,0.0000
102196,0,ulti,acorns,3.9561,4.0000,0.9963
102202,0,ulti,acorns,3.0079,4.0000,0.9173
102195,0,ulti,hearts,6.0692,8.0000,0.9196
102204,1,,,0.0000,0.0000,0.0000
102198,0,ulti,acorns,2.7762,4.0000,0.8980
102207,1,,,0.0000,0.0000,0.0000
102208,1,,,0.0000,0.0000,0.0000
102197,0,ulti,acorns,3.7875,4.0000,0.9823
102203,0,parti,hearts,1.8825,-2.0000,0.9706
102211,1,,,0.0000,0.0000,0.0000
102206,0,parti,hearts,1.9673,2.0000,0.9918
102213,1,,,0.0000,0.0000,0.0000
102214,1,,,0.0000,0.0000,0.0000
102212,0,ulti,acorns,3.2061,4.0000,0.9338
102216,1,,,0.0000,0.0000,0.0000
102217,1,,,0.0000,0.0000,0.0000
102209,0,parti,leaves,0.6224,1.0000,0.8112
102219,1,,,0.0000,0.0000,0.0000
102218,0,ulti,acorns,1.9134,-8.0000,0.8261
102221,0,ulti,bells,3.5768,-8.0000,0.9647
102222,1,,,0.0000,0.0000,0.0000
102215,0,parti,hearts,1.9449,-2.0000,0.9862
102166,0,ulti,bells,3.9784,4.0000,0.9982
102223,0,ulti,bells,3.9900,4.0000,0.9992
102220,0,ulti,acorns,3.9589,4.0000,0.9966
102225,0,parti,hearts,1.9957,2.0000,0.9989
102153,0,ulti,acorns,3.9914,4.0000,0.9993
102149,0,parti,hearts,1.9002,2.0000,0.9751
102227,0,ulti,leaves,3.9479,4.0000,0.9957
102230,0,ulti,acorns,3.1655,-8.0000,0.9305
102224,0,ulti,bells,3.8831,4.0000,0.9903
102232,0,ulti,hearts,7.9869,8.0000,0.9995
102205,0,parti,leaves,0.9760,-1.0000,0.9880
102229,0,ulti,leaves,3.3396,4.0000,0.9450
102231,0,ulti,leaves,3.9464,4.0000,0.9955
102236,1,,,0.0000,0.0000,0.0000
102228,0,ulti,acorns,3.2160,4.0000,0.9347
102235,0,ulti,acorns,2.2141,-8.0000,0.8512
102239,0,ulti,acorns,3.3814,4.0000,0.9485
102241,1,,,0.0000,0.0000,0.0000
102237,0,ulti,hearts,6.6559,-16.0000,0.9440
102233,0,parti,hearts,1.9986,2.0000,0.9996
102244,0,betli,,4.6561,-5.0000,0.9656
102245,1,,,0.0000,0.0000,0.0000
102242,0,parti,hearts,0.6263,-2.0000,0.6566
102246,0,ulti,bells,2.4421,-8.0000,0.8702
102248,1,,,0.0000,0.0000,0.0000
102249,1,,,0.0000,0.0000,0.0000
102247,0,ulti,acorns,3.6720,4.0000,0.9727
102251,1,,,0.0000,0.0000,0.0000
102250,0,ulti,acorns,3.7864,4.0000,0.9822
102252,0,ulti,hearts,5.3386,8.0000,0.8891
102243,0,parti,hearts,1.7003,-2.0000,0.9251
102255,1,,,0.0000,0.0000,0.0000
102253,0,parti,hearts,1.4805,-2.0000,0.8701
102254,0,ulti,hearts,2.6503,8.0000,0.7771
102258,1,,,0.0000,0.0000,0.0000
102259,1,,,0.0000,0.0000,0.0000
102260,1,,,0.0000,0.0000,0.0000
102261,1,,,0.0000,0.0000,0.0000
102262,1,,,0.0000,0.0000,0.0000
102238,0,ulti,leaves,3.9713,4.0000,0.9976
102257,0,parti,hearts,1.7801,-2.0000,0.9450
102256,0,parti,hearts,1.9395,-2.0000,0.9849
102264,0,ulti,acorns,3.1810,-8.0000,0.9317
102265,0,ulti,leaves,3.6515,4.0000,0.9710
102263,0,ulti,acorns,3.0543,4.0000,0.9212
102269,1,,,0.0000,0.0000,0.0000
102267,0,parti,bells,0.6369,-1.0000,0.8185
102268,0,parti,hearts,1.9998,2.0000,0.9999
102272,1,,,0.0000,0.0000,0.0000
102271,0,ulti,acorns,3.9988,4.0000,0.9999
102266,0,ulti,acorns,3.6668,-8.0000,0.9722
102270,0,ulti,acorns,3.3343,4.0000,0.9445
102276,1,,,0.0000,0.0000,0.0000
102274,0,ulti,acorns,3.7399,4.0000,0.9783
102275,0,ulti,acorns,3.9679,4.0000,0.9973
102273,0,parti,leaves,0.5340,-1.0000,0.7670
102277,0,parti,hearts,1.9857,2.0000,0.9964
102280,0,parti,leaves,0.6098,1.0000,0.8049
102282,1,,,0.0000,0.0000,0.0000
102240,0,ulti,bells,3.7632,4.0000,0.9803
102279,0,ulti,leaves,3.6902,4.0000,0.9742
102285,1,,,0.0000,0.0000,0.0000
102286,0,ulti,leaves,3.3897,4.0000,0.9491
102284,0,ulti,leaves,1.8199,4.0000,0.8183
102288,1,,,0.0000,0.0000,0.0000
102289,1,,,0.0000,0.0000,0.0000
102278,0,ulti,acorns,3.9738,4.0000,0.9978
102281,0,parti,hearts,1.5266,2.0000,0.8817
102283,0,ulti,leaves,3.0802,4.0000,0.9233
102291,0,ulti,leaves,3.8298,4.0000,0.9858
102292,0,ulti,hearts,7.2730,8.0000,0.9697
102294,0,ulti,hearts,2.4715,8.0000,0.7696
102296,1,,,0.0000,0.0000,0.0000
102290,0,ulti,acorns,3.3407,4.0000,0.9451
102295,0,ulti,hearts,4.2558,8.0000,0.8440
102293,0,ulti,bells,3.2598,4.0000,0.9383
102297,0,ulti,leaves,3.9970,4.0000,0.9998
102226,0,ulti,leaves,3.9003,4.0000,0.9917
102302,1,,,0.0000,0.0000,0.0000
102303,1,,,0.0000,0.0000,0.0000
102300,0,ulti,leaves,1.6571,-8.0000,0.8048
102299,0,ulti,hearts,7.8827,8.0000,0.9951
102287,0,ulti,acorns,3.7480,4.0000,0.9790
102304,0,parti,acorns,0.8842,1.0000,0.9421
102210,0,parti,hearts,1.9770,2.0000,0.9943
102309,1,,,0.0000,0.0000,0.0000
102310,1,,,0.0000,0.0000,0.0000
102306,0,ulti,hearts,7.2644,8.0000,0.9693
102305,0,ulti,leaves,3.2745,4.0000,0.9395
102311,0,ulti,leaves,1.8988,4.0000,0.8249
102314,0,ulti,leaves,2.9671,-8.0000,0.9139
102315,1,,,0.0000,0.0000,0.0000
102316,1,,,0.0000,0.0000,0.0000
102313,0,parti,hearts,1.7178,-2.0000,0.9294
102308,0,parti,leaves,0.6494,1.0000,0.8247
102234,0,ulti,leaves,3.9997,4.0000,1.0000
102312,0,ulti,hearts,6.9766,8.0000,0.9574
102321,1,,,0.0000,0.0000,0.0000
102322,1,,,0.0000,0.0000,0.0000
102307,0,parti,bells,0.9790,1.0000,0.9895
102298,0,ulti,leaves,3.9994,4.0000,1.0000
102325,1,,,0.0000,0.0000,0.0000
102320,0,parti,hearts,1.4373,2.0000,0.8593
102326,0,ulti,bells,1.8314,-8.0000,0.8193
102327,0,ulti,bells,1.8185,4.0000,0.8182
102324,0,parti,hearts,1.9655,2.0000,0.9914
102323,0,ulti,hearts,7.8644,8.0000,0.9943
102330,1,,,0.0000,0.0000,0.0000
102317,0,parti,hearts,1.9881,2.0000,0.9970
102329,0,ulti,bells,2.8452,4.0000,0.9038
102334,0,ulti,leaves,2.6163,-8.0000,0.8847
102333,0,ulti,leaves,3.3925,-8.0000,0.9494
102336,1,,,0.0000,0.0000,0.0000
102337,1,,,0.0000,0.0000,0.0000
102332,0,ulti,acorns,3.7514,4.0000,0.9793
102338,1,,,0.0000,0.0000,0.0000
102340,1,,,0.0000,0.0000,0.0000
102341,1,,,0.0000,0.0000,0.0000
102335,0,ulti,hearts,3.9134,8.0000,0.8297
102328,0,ulti,acorns,3.4420,4.0000,0.9535
102339,0,ulti,hearts,5.5056,8.0000,0.8961
102331,0,parti,acorns,0.5773,1.0000,0.7886
102301,0,ulti,acorns,3.9038,4.0000,0.9920
102347,1,,,0.0000,0.0000,0.0000
102346,0,ulti,bells,2.1895,4.0000,0.8491
102318,0,parti,acorns,0.5819,1.0000,0.7910
102350,1,,,0.0000,0.0000,0.0000
102348,0,ulti,bells,3.2948,4.0000,0.9412
102344,0,ulti,hearts,7.7557,8.0000,0.9898
102353,1,,,0.0000,0.0000,0.0000
102354,1,,,0.0000,0.0000,0.0000
102351,0,ulti,hearts,5.3313,8.0000,0.8888
102349,0,ulti,acorns,2.9069,4.0000,0.9089
102355,0,ulti,bells,2.2842,-8.0000,0.8570
102345,0,parti,bells,0.7822,1.0000,0.8911
102357,0,ulti,hearts,6.3233,8.0000,0.9301
102358,0,ulti,bells,3.2565,4.0000,0.9380
102319,0,ulti,hearts,7.9242,8.0000,0.9968
102352,0,ulti,leaves,3.9422,4.0000,0.9952
102363,1,,,0.0000,0.0000,0.0000
102356,0,ulti,hearts,7.3592,-16.0000,0.9733
102365,1,,,0.0000,0.0000,0.0000
102366,1,,,0.0000,0.0000,0.0000
102360,0,ulti,hearts,6.8830,8.0000,0.9535
102343,0,ulti,bells,3.9906,4.0000,0.9992
102342,0,ulti,hearts,7.8176,8.0000,0.9924
102361,0,parti,hearts,0.8945,-2.0000,0.7236
102362,0,ulti,hearts,7.3715,8.0000,0.9738
102372,0,ulti,leaves,3.0250,-8.0000,0.9187
102373,1,,,0.0000,0.0000,0.0000
102364,0,parti,hearts,1.4301,-2.0000,0.8575
102367,0,ulti,leaves,3.0239,4.0000,0.9187
102359,0,ulti,hearts,7.7720,8.0000,0.9905
102374,0,ulti,bells,2.4438,4.0000,0.8703
102378,1,,,0.0000,0.0000,0.0000
102376,0,ulti,hearts,3.2289,8.0000,0.8012
102377,0,ulti,acorns,2.5056,-8.0000,0.8755
102379,0,ulti,bells,2.9215,-8.0000,0.9101
102382,1,,,0.0000,0.0000,0.0000
102383,1,,,0.0000,0.0000,0.0000
102369,0,parti,leaves,0.7991,1.0000,0.8995
102381,0,ulti,leaves,2.2973,-8.0000,0.8581
102370,0,ulti,bells,3.9555,4.0000,0.9963
102385,0,ulti,hearts,5.2776,8.0000,0.8866
102371,0,parti,acorns,0.9715,1.0000,0.9858
102389,1,,,0.0000,0.0000,0.0000
102388,0,ulti,hearts,4.7477,8.0000,0.8645
102390,0,parti,hearts,1.0823,2.0000,0.7706
102392,1,,,0.0000,0.0000,0.0000
102391,0,parti,hearts,1.9991,2.0000,0.9998
102387,0,parti,acorns,0.9963,1.0000,0.9981
102384,0,ulti,hearts,6.7604,8.0000,0.9483
102393,0,ulti,hearts,7.1906,8.0000,0.9663
102368,0,ulti,hearts,7.8217,8.0000,0.9926
102398,1,,,0.0000,0.0000,0.0000
102386,0,ulti,acorns,3.9556,4.0000,0.9963
102400,1,,,0.0000,0.0000,0.0000
102401,1,,,0.0000,0.0000,0.0000
102380,0,ulti,acorns,3.7154,4.0000,0.9763
102396,0,parti,hearts,1.7003,-2.0000,0.9251
102403,0,ulti,hearts,7.9883,8.0000,0.9995
102402,0,ulti,bells,2.7054,4.0000,0.8921
102404,0,ulti,leaves,3.8673,4.0000,0.9889
102407,1,,,0.0000,0.0000,0.0000
102395,0,parti,bells,0.7704,1.0000,0.8852
102409,1,,,0.0000,0.0000,0.0000
102410,1,,,0.0000,0.0000,0.0000
102399,0,ulti,bells,3.8855,4.0000,0.9905
102408,0,ulti,leaves,1.5198,-8.0000,0.7933
102413,1,,,0.0000,0.0000,0.0000
102405,0,parti,acorns,0.9825,1.0000,0.9913
102411,0,ulti,bells,2.9072,-8.0000,0.9089
102412,0,parti,hearts,1.9924,2.0000,0.9981
102417,1,,,0.0000,0.0000,0.0000
102415,0,parti,hearts,1.6778,2.0000,0.9194
102375,0,parti,acorns,0.5708,1.0000,0.7854
102420,1,,,0.0000,0.0000,0.0000
102414,0,ulti,hearts,3.8548,8.0000,0.8273
102422,1,,,0.0000,0.0000,0.0000
102416,0,ulti,hearts,6.9600,8.0000,0.9567
102424,1,,,0.0000,0.0000,0.0000
102418,0,ulti,bells,1.8610,4.0000,0.8217
102397,0,ulti,hearts,6.6440,-16.0000,0.9435
102427,1,,,0.0000,0.0000,0.0000
102419,0,ulti,acorns,3.9924,4.0000,0.9994
102421,0,parti,leaves,0.5061,-1.0000,0.7531
102426,0,ulti,hearts,4.3140,-16.0000,0.8464
102423,0,ulti,leaves,2.8585,-8.0000,0.9049
102406,0,ulti,hearts,7.9186,8.0000,0.9966
102425,0,ulti,hearts,7.8902,8.0000,0.9954
102429,0,ulti,bells,1.8779,-8.0000,0.8232
102435,1,,,0.0000,0.0000,0.0000
102428,0,parti,hearts,0.8788,2.0000,0.7197
102434,0,ulti,bells,3.4038,4.0000,0.9503
102394,0,parti,acorns,0.6639,1.0000,0.8319
102436,0,ulti,leaves,3.4912,4.0000,0.9576
102440,1,,,0.0000,0.0000,0.0000
102437,0,ulti,acorns,3.6014,-8.0000,0.9668
102442,1,,,0.0000,0.0000,0.0000
102431,0,parti,hearts,0.6715,2.0000,0.6679
102438,0,ulti,leaves,2.3212,4.0000,0.8601
102439,0,ulti,acorns,3.9897,4.0000,0.9991
102445,0,ulti,leaves,1.7484,-8.0000,0.8124
102444,0,parti,acorns,0.9689,1.0000,0.9845
102447,0,ulti,bells,3.9182,4.0000,0.9932
102441,0,ulti,leaves,3.7419,4.0000,0.9785
102450,1,,,0.0000,0.0000,0.0000
102451,1,,,0.0000,0.0000,0.0000
102452,1,,,0.0000,0.0000,0.0000
102443,0,ulti,hearts,7.5797,-16.0000,0.9825
102433,0,ulti,bells,3.4346,4.0000,0.9529
102432,0,parti,hearts,1.6001,2.0000,0.9000
102448,0,ulti,acorns,3.2260,-8.0000,0.9355
102455,0,ulti,hearts,7.3497,-16.0000,0.9729
102430,0,parti,bells,0.5761,1.0000,0.7881
102459,1,,,0.0000,0.0000,0.0000
102460,1,,,0.0000,0.0000,0.0000
102461,1,,,0.0000,0.0000,0.0000
102462,1,,,0.0000,0.0000,0.0000
102458,0,ulti,acorns,1.5236,4.0000,0.7936
102464,1,,,0.0000,0.0000,0.0000
102456,0,ulti,leaves,3.4520,4.0000,0.9543
102446,0,parti,leaves,0.6913,-1.0000,0.8457
102467,1,,,0.0000,0.0000,0.0000
102454,0,ulti,leaves,3.6913,4.0000,0.9743
102469,1,,,0.0000,0.0000,0.0000
102470,1,,,0.0000,0.0000,0.0000
102449,0,parti,acorns,0.8171,-1.0000,0.9085
102468,0,parti,bells,0.9851,1.0000,0.9925
102457,0,ulti,bells,3.2335,4.0000,0.9361
102463,0,parti,hearts,1.9587,2.0000,0.9897
102475,1,,,0.0000,0.0000,0.0000
102472,0,ulti,acorns,2.8637,4.0000,0.9053
102473,0,ulti,hearts,4.0267,8.0000,0.8344
102477,0,ulti,bells,2.2710,4.0000,0.8559
102465,0,parti,hearts,0.6999,-2.0000,0.6750
102474,0,ulti,hearts,7.9608,8.0000,0.9984
102479,0,parti,hearts,1.9635,-2.0000,0.9909
102466,0,ulti,leaves,2.1868,4.0000,0.8489
102481,0,betli,,4.5822,5.0000,0.9582
102453,0,ulti,bells,3.9469,4.0000,0.9956
102485,1,,,0.0000,0.0000,0.0000
102483,0,ulti,acorns,1.6031,-8.0000,0.8003
102487,1,,,0.0000,0.0000,0.0000
102482,0,ulti,leaves,3.3900,4.0000,0.9492
102478,0,ulti,hearts,7.7263,8.0000,0.9886
102484,0,ulti,hearts,2.4467,-16.0000,0.7686
102491,0,parti,bells,0.5691,1.0000,0.7845
102492,1,,,0.0000,0.0000,0.0000
102471,0,parti,hearts,1.9782,2.0000,0.9946
102490,0,ulti,bells,3.7776,4.0000,0.9815
102495,1,,,0.0000,0.0000,0.0000
102493,0,ulti,leaves,2.6453,-8.0000,0.8871
102497,1,,,0.0000,0.0000,0.0000
102480,0,parti,hearts,1.7222,2.0000,0.9305
102486,0,ulti,bells,3.5900,4.0000,0.9658
102494,0,ulti,acorns,3.8340,4.0000,0.9862
102496,0,ulti,leaves,3.8802,4.0000,0.9900
102500,0,parti,hearts,1.9988,2.0000,0.9997
102503,1,,,0.0000,0.0000,0.0000
102499,0,parti,hearts,0.6463,-2.0000,0.6616
102502,0,parti,hearts,1.9906,2.0000,0.9977
102476,0,parti,hearts,1.7130,2.0000,0.9282
102504,0,ulti,leaves,3.6687,4.0000,0.9724
102508,1,,,0.0000,0.0000,0.0000
102501,0,ulti,acorns,3.9926,4.0000,0.9994
102509,1,,,0.0000,0.0000,0.0000
102505,0,ulti,acorns,3.7704,-8.0000,0.9809
102511,0,ulti,leaves,3.3161,4.0000,0.9430
102512,0,ulti,leaves,2.9832,4.0000,0.9153
102514,1,,,0.0000,0.0000,0.0000
102498,0,parti,hearts,1.5295,2.0000,0.8824
102516,1,,,0.0000,0.0000,0.0000
102517,1,,,0.0000,0.0000,0.0000
102518,1,,,0.0000,0.0000,0.0000
102513,0,ulti,bells,3.2467,4.0000,0.9372
102510,0,ulti,leaves,3.7355,-8.0000,0.9780
102506,0,ulti,leaves,3.9974,4.0000,0.9998
102507,0,ulti,hearts,7.2593,8.0000,0.9691
102523,1,,,0.0000,0.0000,0.0000
102522,0,ulti,bells,3.1886,4.0000,0.9324
102525,1,,,0.0000,0.0000,0.0000
102519,0,ulti,leaves,3.5751,4.0000,0.9646
102527,1,,,0.0000,0.0000,0.0000
102528,1,,,0.0000,0.0000,0.0000
102521,0,ulti,leaves,3.7346,4.0000,0.9779
102530,1,,,0.0000,0.0000,0.0000
102524,0,parti,bells,0.5801,1.0000,0.7900
102531,0,ulti,hearts,2.1912,8.0000,0.7580
102533,0,ulti,hearts,2.1299,-16.0000,0.7554
102534,1,,,0.0000,0.0000,0.0000
102535,1,,,0.0000,0.0000,0.0000
102529,0,ulti,bells,3.0172,4.0000,0.9181
102536,0,parti,acorns,0.9997,1.0000,0.9998
102537,0,ulti,leaves,2.1758,4.0000,0.8480
102539,1,,,0.0000,0.0000,0.0000
102532,0,parti,hearts,1.9914,2.0000,0.9978
102541,0,ulti,acorns,2.7980,4.0000,0.8998
102489,0,ulti,hearts,7.9684,8.0000,0.9987
102543,0,ulti,hearts,4.7748,8.0000,0.8656
102526,0,ulti,hearts,7.9772,8.0000,0.9990
102540,0,ulti,bells,3.6791,4.0000,0.9733
102545,0,betli,,4.8751,5.0000,0.9875
102547,1,,,0.0000,0.0000,0.0000
102546,0,parti,hearts,1.9993,2.0000,0.9998
102549,0,ulti,acorns,3.0426,4.0000,0.9202
102550,1,,,0.0000,0.0000,0.0000
102538,0,parti,hearts,1.4174,2.0000,0.8543
102552,1,,,0.0000,0.0000,0.0000
102553,1,,,0.0000,0.0000,0.0000
102548,0,ulti,leaves,3.2082,-8.0000,0.9340
102555,1,,,0.0000,0.0000,0.0000
102542,0,ulti,leaves,3.5065,4.0000,0.9589
102554,0,ulti,leaves,2.9082,4.0000,0.9090
102558,1,,,0.0000,0.0000,0.0000
102556,0,ulti,hearts,7.3880,8.0000,0.9745
102520,0,ulti,acorns,3.9908,4.0000,0.9992
102561,1,,,0.0000,0.0000,0.0000
102562,1,,,0.0000,0.0000,0.0000
102559,0,parti,hearts,1.9575,2.0000,0.9894
102544,0,ulti,hearts,5.8175,8.0000,0.9091
102564,0,ulti,hearts,7.2105,8.0000,0.9671
102565,0,ulti,acorns,2.2516,4.0000,0.8543
102557,0,ulti,hearts,7.3344,8.0000,0.9723
102560,0,ulti,hearts,7.5334,8.0000,0.9806
102566,0,ulti,hearts,3.8913,-16.0000,0.8288
102567,0,ulti,bells,2.7669,4.0000,0.8972
102571,1,,,0.0000,0.0000,0.0000
102572,1,,,0.0000,0.0000,0.0000
102568,0,ulti,hearts,6.6824,-16.0000,0.9451
102574,1,,,0.0000,0.0000,0.0000
102570,0,ulti,leaves,2.0412,-8.0000,0.8368
102551,0,ulti,bells,3.9488,4.0000,0.9957
102575,0,ulti,bells,3.7516,4.0000,0.9793
102578,1,,,0.0000,0.0000,0.0000
102576,0,ulti,bells,2.1954,4.0000,0.8496
102580,1,,,0.0000,0.0000,0.0000
102581,1,,,0.0000,0.0000,0.0000
102573,0,ulti,leaves,3.5656,4.0000,0.9638
102583,1,,,0.0000,0.0000,0.0000
102582,0,ulti,bells,1.9478,4.0000,0.8290
102515,0,ulti,bells,3.9931,4.0000,0.9994
102577,0,ulti,bells,2.7946,4.0000,0.8996
102586,0,ulti,hearts,3.1471,8.0000,0.7978
102569,0,ulti,acorns,3.4494,4.0000,0.9541
102585,0,parti,hearts,1.9591,2.0000,0.9898
102587,0,ulti,acorns,2.7638,4.0000,0.8970
102488,0,ulti,bells,3.9663,4.0000,0.9972
102579,0,parti,acorns,0.5733,1.0000,0.7867
102593,1,,,0.0000,0.0000,0.0000
102594,1,,,0.0000,0.0000,0.0000
102595,1,,,0.0000,0.0000,0.0000
102589,0,parti,hearts,1.3077,-2.0000,0.8269
102591,0,ulti,bells,3.9896,4.0000,0.9991
102592,0,parti,leaves,0.9864,1.0000,0.9932
102599,1,,,0.0000,0.0000,0.0000
102600,1,,,0.0000,0.0000,0.0000
102590,0,ulti,leaves,3.4029,4.0000,0.9502
102597,0,ulti,bells,3.0401,4.0000,0.9200
102603,0,parti,hearts,1.9995,2.0000,0.9999
102601,0,ulti,bells,3.2797,4.0000,0.9400
102588,0,parti,bells,0.5738,1.0000,0.7869
102606,1,,,0.0000,0.0000,0.0000
102607,1,,,0.0000,0.0000,0.0000
102608,1,,,0.0000,0.0000,0.0000
102605,0,ulti,acorns,2.6482,-8.0000,0.8874
102610,1,,,0.0000,0.0000,0.0000
102596,0,ulti,bells,3.3104,4.0000,0.9425
102604,0,ulti,leaves,3.6217,4.0000,0.9685
102598,0,ulti,leaves,3.1093,4.0000,0.9258
102614,1,,,0.0000,0.0000,0.0000
102563,0,ulti,acorns,3.9384,4.0000,0.9949
102611,0,ulti,acorns,2.5593,4.0000,0.8799
102616,0,parti,bells,0.9994,1.0000,0.9997
102618,1,,,0.0000,0.0000,0.0000
102619,1,,,0.0000,0.0000,0.0000
102615,0,parti,hearts,1.8867,2.0000,0.9717
102613,0,ulti,leaves,3.6572,4.0000,0.9714
102609,0,parti,hearts,0.5310,-2.0000,0.6327
102623,1,,,0.0000,0.0000,0.0000
102620,0,parti,hearts,1.9948,2.0000,0.9987
102624,0,parti,hearts,1.8597,-2.0000,0.9649
102626,1,,,0.0000,0.0000,0.0000
102602,0,parti,acorns,0.9921,1.0000,0.9960
102617,0,parti,leaves,0.9219,1.0000,0.9609
102584,0,ulti,leaves,3.8467,4.0000,0.9872
102627,0,ulti,leaves,1.8390,-8.0000,0.8199
102631,1,,,0.0000,0.0000,0.0000
102632,0,betli,,4.9113,5.0000,0.9911
102633,1,,,0.0000,0.0000,0.0000
102634,1,,,0.0000,0.0000,0.0000
102625,0,ulti,bells,3.9890,4.0000,0.9991
102636,1,,,0.0000,0.0000,0.0000
102630,0,ulti,hearts,7.4989,8.0000,0.9791
102638,1,,,0.0000,0.0000,0.0000
102622,0,parti,bells,0.9771,1.0000,0.9886
102639,0,ulti,leaves,2.6070,4.0000,0.8839
102641,1,,,0.0000,0.0000,0.0000
102629,0,ulti,bells,3.3063,4.0000,0.9422
102621,0,ulti,leaves,3.9117,4.0000,0.9926
102644,1,,,0.0000,0.0000,0.0000
102637,0,betli,,4.8449,-5.0000,0.9845
102643,0,ulti,acorns,2.5424,4.0000,0.8785
102628,0,parti,hearts,1.5983,2.0000,0.8996
102648,1,,,0.0000,0.0000,0.0000
102649,1,,,0.0000,0.0000,0.0000
102650,1,,,0.0000,0.0000,0.0000
102645,0,parti,bells,0.9998,1.0000,0.9999
102652,1,,,0.0000,0.0000,0.0000
102635,0,parti,leaves,0.7892,-1.0000,0.8946
102647,0,parti,hearts,1.7137,2.0000,0.9284
102640,0,parti,bells,0.9901,1.0000,0.9950
102656,1,,,0.0000,0.0000,0.0000
102653,0,parti,hearts,1.8184,2.0000,0.9546
102642,0,ulti,leaves,3.7448,4.0000,0.9787
102659,1,,,0.0000,0.0000,0.0000
102657,0,ulti,leaves,1.5096,-8.0000,0.7925
102651,0,parti,acorns,0.9113,1.0000,0.9557
102661,0,parti,hearts,1.7410,-2.0000,0.9353
102655,0,parti,hearts,1.9931,-2.0000,0.9983
102664,0,ulti,acorns,3.1839,4.0000,0.9320
102663,0,ulti,acorns,3.3712,4.0000,0.9476
102658,0,ulti,acorns,3.6449,4.0000,0.9704
102667,1,,,0.0000,0.0000,0.0000
102654,0,ulti,acorns,3.5205,4.0000,0.9600
102669,1,,,0.0000,0.0000,0.0000
102670,1,,,0.0000,0.0000,0.0000
102668,0,ulti,bells,1.9227,-8.0000,0.8269
102646,0,ulti,bells,3.9857,4.0000,0.9988
102673,1,,,0.0000,0.0000,0.0000
102674,1,,,0.0000,0.0000,0.0000
102675,1,,,0.0000,0.0000,0.0000
102660,0,parti,bells,0.9749,1.0000,0.9875
102666,0,parti,hearts,1.7583,-2.0000,0.9396
102662,0,parti,hearts,1.8373,2.0000,0.9593
102676,0,ulti,hearts,2.7787,-16.0000,0.7824
102680,0,ulti,hearts,7.9992,8.0000,1.0000
102665,0,ulti,leaves,3.9008,4.0000,0.9917
102682,1,,,0.0000,0.0000,0.0000
102678,0,ulti,acorns,2.3151,4.0000,0.8596
102679,0,ulti,hearts,3.4780,-16.0000,0.8116
102672,0,parti,hearts,1.8808,2.0000,0.9702
102677,0,ulti,bells,3.9420,4.0000,0.9952
102687,1,,,0.0000,0.0000,0.0000
102686,0,ulti,hearts,6.9014,8.0000,0.9542
102689,1,,,0.0000,0.0000,0.0000
102688,0,ulti,hearts,7.8247,8.0000,0.9927
102691,1,,,0.0000,0.0000,0.0000
102685,0,parti,hearts,1.8430,-2.0000,0.9608
102693,1,,,0.0000,0.0000,0.0000
102681,0,ulti,leaves,2.9970,-8.0000,0.9164
102612,0,ulti,bells,3.9692,4.0000,0.9974
102696,1,,,0.0000,0.0000,0.0000
102684,0,parti,acorns,0.9998,1.0000,0.9999
102683,0,ulti,acorns,3.9987,4.0000,0.9999
102699,1,,,0.0000,0.0000,0.0000
102700,1,,,0.0000,0.0000,0.0000
102695,0,parti,hearts,1.5300,-2.0000,0.8825
102702,1,,,0.0000,0.0000,0.0000
102703,1,,,0.0000,0.0000,0.0000
102671,0,ulti,hearts,7.9996,8.0000,1.0000
102690,0,ulti,leaves,3.3735,4.0000,0.9478
102692,0,ulti,hearts,7.9300,8.0000,0.9971
102701,0,ulti,hearts,7.7195,8.0000,0.9883
102708,1,,,0.0000,0.0000,0.0000
102709,1,,,0.0000,0.0000,0.0000
102710,1,,,0.0000,0.0000,0.0000
102706,0,ulti,hearts,7.8256,8.0000,0.9927
102712,1,,,0.0000,0.0000,0.0000
102697,0,parti,hearts,1.9407,2.0000,0.9852
102707,0,ulti,acorns,3.7486,4.0000,0.9790
102714,1,,,0.0000,0.0000,0.0000
102716,1,,,0.0000,0.0000,0.0000
102704,0,ulti,leaves,3.9561,4.0000,0.9963
102718,1,,,0.0000,0.0000,0.0000
102719,1,,,0.0000,0.0000,0.0000
102717,0,parti,leaves,0.9688,1.0000,0.9844
102711,0,ulti,leaves,3.9830,4.0000,0.9986
102722,1,,,0.0000,0.0000,0.0000
102721,0,parti,hearts,1.9946,2.0000,0.9986
102724,1,,,0.0000,0.0000,0.0000
102713,0,ulti,bells,3.8398,-8.0000,0.9867
102726,1,,,0.0000,0.0000,0.0000
102727,1,,,0.0000,0.0000,0.0000
102715,0,ulti,hearts,7.9316,8.0000,0.9972
102729,0,parti,hearts,1.9357,2.0000,0.9839
102705,0,parti,acorns,0.7858,1.0000,0.8929
102731,1,,,0.0000,0.0000,0.0000
102730,0,ulti,bells,1.9356,-8.0000,0.8280
102728,0,parti,bells,0.9981,1.0000,0.9991
102734,1,,,0.0000,0.0000,0.0000
102733,0,ulti,leaves,1.7029,-8.0000,0.8086
102736,1,,,0.0000,0.0000,0.0000
102737,1,,,0.0000,0.0000,0.0000
102694,0,ulti,hearts,7.9795,8.0000,0.9991
102739,1,,,0.0000,0.0000,0.0000
102740,1,,,0.0000,0.0000,0.0000
102738,0,parti,hearts,1.9996,2.0000,0.9999
102742,0,ulti,acorns,3.6210,4.0000,0.9684
102698,0,ulti,acorns,3.9556,4.0000,0.9963
102723,0,ulti,bells,3.9212,4.0000,0.9934
102745,1,,,0.0000,0.0000,0.0000
102746,1,,,0.0000,0.0000,0.0000
102747,1,,,0.0000,0.0000,0.0000
102732,0,ulti,leaves,3.4365,4.0000,0.9530
102749,1,,,0.0000,0.0000,0.0000
102741,0,ulti,acorns,3.1092,4.0000,0.9258
102748,0,ulti,hearts,4.6781,-16.0000,0.8616
102744,0,ulti,leaves,2.8012,4.0000,0.9001
102725,0,ulti,hearts,7.4120,8.0000,0.9755
102735,0,ulti,acorns,3.7859,4.0000,0.9822
102743,0,ulti,bells,3.9873,4.0000,0.9989
102756,0,parti,hearts,1.9999,2.0000,1.0000
102757,1,,,0.0000,0.0000,0.0000
102751,0,ulti,leaves,2.7399,4.0000,0.8950
102758,0,parti,hearts,1.0867,-2.0000,0.7717
102754,0,ulti,bells,3.9574,4.0000,0.9964
102761,1,,,0.0000,0.0000,0.0000
102753,0,ulti,hearts,7.9438,8.0000,0.9977
102763,1,,,0.0000,0.0000,0.0000
102764,1,,,0.0000,0.0000,0.0000
102755,0,parti,leaves,0.9999,1.0000,0.9999
102762,0,parti,hearts,1.5224,-2.0000,0.8806
102750,0,parti,leaves,0.8210,1.0000,0.9105
102768,1,,,0.0000,0.0000,0.0000
102766,0,parti,hearts,1.9991,2.0000,0.9998
102770,0,ulti,acorns,2.8343,4.0000,0.9029
102771,1,,,0.0000,0.0000,0.0000
102769,0,ulti,hearts,4.8440,-16.0000,0.8685
102773,0,ulti,hearts,5.6041,8.0000,0.9002
102772,0,ulti,leaves,3.9695,4.0000,0.9975
102775,1,,,0.0000,0.0000,0.0000
102767,0,ulti,hearts,7.8960,8.0000,0.9957
102777,1,,,0.0000,0.0000,0.0000
102778,1,,,0.0000,0.0000,0.0000
102759,0,parti,leaves,0.9963,1.0000,0.9981
102779,0,parti,bells,0.9667,1.0000,0.9834
102774,0,parti,hearts,1.9939,2.0000,0.9985
102781,1,,,0.0000,0.0000,0.0000
102782,1,,,0.0000,0.0000,0.0000
102780,0,parti,bells,0.6188,1.0000,0.8094
102785,1,,,0.0000,0.0000,0.0000
102783,0,ulti,acorns,3.8349,-8.0000,0.9862
102787,0,ulti,hearts,5.7551,-16.0000,0.9065
102776,0,parti,hearts,1.4832,2.0000,0.8708
102784,0,ulti,bells,3.5953,4.0000,0.9663
102786,0,parti,hearts,1.9999,2.0000,1.0000
102752,0,parti,acorns,0.5748,1.0000,0.7874
102789,0,ulti,bells,3.7716,4.0000,0.9810
102791,0,parti,hearts,1.8979,2.0000,0.9745
102788,0,parti,hearts,1.9713,2.0000,0.9928
102795,1,,,0.0000,0.0000,0.0000
102765,0,ulti,acorns,3.9983,4.0000,0.9999
102792,0,ulti,bells,3.5184,4.0000,0.9599
102720,0,ulti,hearts,7.9999,8.0000,1.0000
102797,0,ulti,hearts,5.7450,8.0000,0.9060
102790,0,parti,bells,0.9462,1.0000,0.9731
102793,0,ulti,leaves,3.1831,4.0000,0.9319
102802,1,,,0.0000,0.0000,0.0000
102803,0,ulti,hearts,7.3134,8.0000,0.9714
102799,0,ulti,acorns,1.6009,-8.0000,0.8001
102794,0,ulti,acorns,3.8914,4.0000,0.9909
102760,0,ulti,bells,3.9991,4.0000,0.9999
102798,0,ulti,bells,3.2476,-8.0000,0.9373
102801,0,ulti,acorns,1.5861,4.0000,0.7988
102809,1,,,0.0000,0.0000,0.0000
102806,0,ulti,hearts,6.4195,8.0000,0.9341
102811,1,,,0.0000,0.0000,0.0000
102812,1,,,0.0000,0.0000,0.0000
102813,0,ulti,bells,3.7009,4.0000,0.9751
102796,0,ulti,bells,3.9502,4.0000,0.9959
102815,1,,,0.0000,0.0000,0.0000
102816,1,,,0.0000,0.0000,0.0000
102814,0,ulti,acorns,3.3680,4.0000,0.9473
102805,0,parti,leaves,0.5794,1.0000,0.7897
102808,0,ulti,hearts,7.9390,8.0000,0.9975
102817,0,ulti,bells,3.8329,4.0000,0.9861
102810,0,ulti,hearts,7.4641,8.0000,0.9777
102804,0,parti,leaves,0.8095,1.0000,0.9047
102800,0,parti,acorns,0.9089,1.0000,0.9544
102818,0,ulti,bells,3.9805,4.0000,0.9984
102807,0,ulti,leaves,3.8938,4.0000,0.9912
102826,1,,,0.0000,0.0000,0.0000
102827,1,,,0.0000,0.0000,0.0000
102820,0,parti,hearts,1.5331,-2.0000,0.8833
102821,0,ulti,hearts,5.6494,8.0000,0.9021
102824,0,parti,hearts,1.5201,2.0000,0.8800
102828,0,ulti,acorns,2.7699,4.0000,0.8975
102832,1,,,0.0000,0.0000,0.0000
102823,0,parti,hearts,1.1616,-2.0000,0.7904
102825,0,parti,hearts,1.9865,2.0000,0.9966
102835,1,,,0.0000,0.0000,0.0000
102836,0,ulti,hearts,6.7116,8.0000,0.9463
102831,0,ulti,leaves,2.3723,-8.0000,0.8644
102830,0,parti,hearts,1.8531,2.0000,0.9633
102833,0,ulti,leaves,1.5759,4.0000,0.7980
102840,1,,,0.0000,0.0000,0.0000
102829,0,parti,hearts,1.2664,2.0000,0.8166
102839,0,ulti,bells,2.7585,-8.0000,0.8965
102843,1,,,0.0000,0.0000,0.0000
102834,0,ulti,hearts,7.4866,8.0000,0.9786
102845,1,,,0.0000,0.0000,0.0000
102822,0,ulti,acorns,3.5382,4.0000,0.9615
102842,0,betli,,4.6766,-5.0000,0.9677
102846,0,ulti,bells,2.8944,4.0000,0.9079
102848,0,ulti,hearts,5.2359,8.0000,0.8848
102849,0,ulti,hearts,7.2674,8.0000,0.9695
102851,1,,,0.0000,0.0000,0.0000
102847,0,ulti,leaves,2.5321,4.0000,0.8777
102852,1,,,0.0000,0.0000,0.0000
102854,1,,,0.0000,0.0000,0.0000
102841,0,ulti,leaves,3.8338,4.0000,0.9862
102844,0,ulti,acorns,3.9153,4.0000,0.9929
102857,1,,,0.0000,0.0000,0.0000
102858,1,,,0.0000,0.0000,0.0000
102855,0,ulti,acorns,1.7644,4.0000,0.8137
102860,1,,,0.0000,0.0000,0.0000
102859,0,ulti,hearts,2.9528,-16.0000,0.7897
102862,1,,,0.0000,0.0000,0.0000
102819,0,parti,hearts,0.9297,2.0000,0.7324
102864,1,,,0.0000,0.0000,0.0000
102863,0,ulti,leaves,2.1685,-8.0000,0.8474
102861,0,ulti,hearts,4.1268,-16.0000,0.8386
102853,0,ulti,acorns,3.9861,4.0000,0.9988
102867,0,ulti,leaves,2.5554,-8.0000,0.8796
102865,0,ulti,leaves,3.9885,4.0000,0.9990
102869,0,ulti,hearts,7.9292,8.0000,0.9970
102856,0,parti,hearts,1.0835,2.0000,0.7709
102872,1,,,0.0000,0.0000,0.0000
102873,1,,,0.0000,0.0000,0.0000
102874,1,,,0.0000,0.0000,0.0000
102875,1,,,0.0000,0.0000,0.0000
102870,0,ulti,leaves,2.7301,-8.0000,0.8942
102877,1,,,0.0000,0.0000,0.0000
102878,1,,,0.0000,0.0000,0.0000
102871,0,ulti,hearts,2.8978,8.0000,0.7874
102880,1,,,0.0000,0.0000,0.0000
102881,1,,,0.0000,0.0000,0.0000
102882,1,,,0.0000,0.0000,0.0000
102883,1,,,0.0000,0.0000,0.0000
102884,1,,,0.0000,0.0000,0.0000
102885,1,,,0.0000,0.0000,0.0000
102838,0,parti,acorns,0.6469,1.0000,0.8234
102887,1,,,0.0000,0.0000,0.0000
102888,1,,,0.0000,0.0000,0.0000
102866,0,ulti,hearts,7.5327,8.0000,0.9805
102890,1,,,0.0000,0.0000,0.0000
102891,1,,,0.0000,0.0000,0.0000
102892,1,,,0.0000,0.0000,0.0000
102893,1,,,0.0000,0.0000,0.0000
102876,0,parti,acorns,0.9348,-1.0000,0.9674
102895,1,,,0.0000,0.0000,0.0000
102896,1,,,0.0000,0.0000,0.0000
102897,0,ulti,acorns,1.5611,-8.0000,0.7968
102889,0,ulti,leaves,3.9884,4.0000,0.9990
102837,0,parti,acorns,0.9863,1.0000,0.9932
102899,0,ulti,leaves,3.6192,-8.0000,0.9683
102894,0,parti,hearts,1.2737,-2.0000,0.8184
102902,0,ulti,leaves,2.7334,4.0000,0.8945
102903,1,,,0.0000,0.0000,0.0000
102904,1,,,0.0000,0.0000,0.0000
102886,0,ulti,leaves,3.7254,4.0000,0.9771
102905,0,ulti,bells,1.7758,4.0000,0.8147
102907,1,,,0.0000,0.0000,0.0000
102908,1,,,0.0000,0.0000,0.0000
102909,1,,,0.0000,0.0000,0.0000
102868,0,parti,leaves,0.6065,1.0000,0.8033
102898,0,ulti,acorns,3.6196,-8.0000,0.9683
102879,0,ulti,bells,3.7509,4.0000,0.9792
102901,0,ulti,acorns,3.3560,4.0000,0.9463
102911,0,ulti,hearts,3.7487,-16.0000,0.8229
102914,0,parti,hearts,1.7283,2.0000,0.9321
102912,0,ulti,leaves,3.9702,4.0000,0.9975
102913,0,ulti,leaves,3.7928,4.0000,0.9827
102917,0,ulti,acorns,3.2697,-8.0000,0.9391
102919,1,,,0.0000,0.0000,0.0000
102915,0,ulti,hearts,7.5434,8.0000,0.9810
102920,0,ulti,hearts,4.8242,-16.0000,0.8677
102906,0,ulti,acorns,3.6267,4.0000,0.9689
102923,1,,,0.0000,0.0000,0.0000
102900,0,parti,hearts,1.1628,2.0000,0.7907
102921,0,ulti,acorns,1.5458,4.0000,0.7955
102924,0,ulti,hearts,5.9874,-16.0000,0.9161
102925,0,ulti,leaves,2.9411,4.0000,0.9118
102928,1,,,0.0000,0.0000,0.0000
102916,0,parti,hearts,1.9970,2.0000,0.9992
102929,0,ulti,hearts,2.1634,8.0000,0.7568
102926,0,parti,hearts,1.4402,2.0000,0.8601
102927,0,ulti,bells,2.5185,4.0000,0.8765
102910,0,ulti,hearts,7.9990,8.0000,1.0000
102934,0,ulti,acorns,2.1627,-8.0000,0.8469
102935,1,,,0.0000,0.0000,0.0000
102933,0,ulti,hearts,4.5880,-16.0000,0.8578
102918,0,ulti,acorns,3.4787,-8.0000,0.9566
102930,0,parti,leaves,0.6327,1.0000,0.8163
102939,1,,,0.0000,0.0000,0.0000
102940,1,,,0.0000,0.0000,0.0000
102922,0,parti,acorns,0.9400,1.0000,0.9700
102937,0,ulti,hearts,6.8040,8.0000,0.9502
102941,0,ulti,acorns,2.0175,-8.0000,0.8348
102944,1,,,0.0000,0.0000,0.0000
102942,0,ulti,hearts,1.8281,-16.0000,0.7428
102946,1,,,0.0000,0.0000,0.0000
102850,0,parti,bells,0.8426,1.0000,0.9213
102938,0,ulti,hearts,7.5893,-16.0000,0.9829
102932,0,ulti,acorns,3.8917,4.0000,0.9910
102931,0,ulti,hearts,7.9565,8.0000,0.9982
102951,0,ulti,hearts,2.0982,8.0000,0.7541
102952,1,,,0.0000,0.0000,0.0000
102953,1,,,0.0000,0.0000,0.0000
102948,0,ulti,acorns,3.9774,4.0000,0.9981
102950,0,parti,hearts,0.8464,-2.0000,0.7116
102936,0,ulti,leaves,3.8265,4.0000,0.9855
102957,1,,,0.0000,0.0000,0.0000
102958,1,,,0.0000,0.0000,0.0000
102949,0,ulti,hearts,7.2195,-16.0000,0.9675
102960,1,,,0.0000,0.0000,0.0000
102961,1,,,0.0000,0.0000,0.0000
102954,0,ulti,acorns,2.9542,4.0000,0.9129
102963,1,,,0.0000,0.0000,0.0000
102962,0,parti,hearts,1.9987,2.0000,0.9997
102965,0,ulti,hearts,4.8373,8.0000,0.8682
102956,0,ulti,leaves,3.6784,4.0000,0.9732
102966,0,betli,,4.8240,-5.0000,0.9824
102968,1,,,0.0000,0.0000,0.0000
102969,1,,,0.0000,0.0000,0.0000
102945,0,parti,hearts,1.5310,2.0000,0.8828
102967,0,parti,leaves,0.5174,-1.0000,0.7587
102955,0,ulti,bells,3.6853,4.0000,0.9738
102973,1,,,0.0000,0.0000,0.0000
102971,0,parti,hearts,1.2750,2.0000,0.8188
102964,0,ulti,acorns,3.8004,4.0000,0.9834
102974,0,ulti,leaves,3.7135,-8.0000,0.9761
102977,1,,,0.0000,0.0000,0.0000
102978,1,,,0.0000,0.0000,0.0000
102975,0,parti,hearts,1.3400,2.0000,0.8350
102970,0,ulti,bells,3.9987,4.0000,0.9999
102981,0,ulti,hearts,2.5694,-16.0000,0.7737
102959,0,parti,leaves,0.9877,1.0000,0.9939
102980,0,ulti,hearts,6.8901,8.0000,0.9538
102972,0,ulti,bells,3.8080,4.0000,0.9840
102982,0,ulti,hearts,6.4233,8.0000,0.9343
102985,1,,,0.0000,0.0000,0.0000
102986,1,,,0.0000,0.0000,0.0000
102988,1,,,0.0000,0.0000,0.0000
102987,0,ulti,leaves,1.5725,-8.0000,0.7977
102989,0,ulti,bells,3.7132,-8.0000,0.9761
102991,1,,,0.0000,0.0000,0.0000
102984,0,ulti,bells,3.9850,4.0000,0.9987
102976,0,ulti,bells,3.9121,4.0000,0.9927
102943,0,ulti,hearts,7.9713,8.0000,0.9988
102995,1,,,0.0000,0.0000,0.0000
102996,1,,,0.0000,0.0000,0.0000
102983,0,ulti,bells,3.8127,-8.0000,0.9844
102998,1,,,0.0000,0.0000,0.0000
102979,0,ulti,hearts,7.9983,8.0000,0.9999
102992,0,parti,acorns,0.9992,1.0000,0.9996
102994,0,parti,leaves,0.9994,-1.0000,0.9997
102993,0,ulti,hearts,7.7088,8.0000,0.9879
102999,0,ulti,acorns,3.9590,4.0000,0.9966
102997,0,parti,leaves,0.6885,1.0000,0.8443
102947,0,ulti,leaves,3.9988,4.0000,0.9999
102990,0,ulti,hearts,7.9828,8.0000,0.9993
